#
# A fatal error has been detected by the Java Runtime Environment:
#
#  SIGSEGV (0xb) at pc=0x0000ffff40108eb0, pid=8388, tid=8389
#
# JRE version: OpenJDK Runtime Environment Temurin-21.0.10+7 (21.0.10+7) (build 21.0.10+7-LTS)
# Java VM: OpenJDK 64-Bit Server VM Temurin-21.0.10+7 (21.0.10+7-LTS, mixed mode, tiered, compressed oops, compressed class ptrs, g1 gc, linux-aarch64)
# Problematic frame:
# C  [libswt-pi3-gtk-4972r7.so+0x58eb0]  swt_fixed_resize+0x18
#
# Core dump will be written. Default location: Core dumps may be processed with "/usr/lib/systemd/systemd-coredump %P %u %g %s %t %c %h %d %F" (or dumping to /home/crossfire/cros-packages/dbeaver/core.8388)
#
# If you would like to submit a bug report, please visit:
#   https://github.com/adoptium/adoptium-support/issues
# The crash happened outside the Java Virtual Machine in native code.
# See problematic frame for where to report the bug.
#

---------------  S U M M A R Y ------------

Command Line: -XX:+IgnoreUnrecognizedVMOptions -Dosgi.requiredJavaVersion=21 -Dfile.encoding=UTF-8 --add-modules=ALL-DEFAULT --add-opens=java.base/java.io=ALL-UNNAMED --add-opens=java.base/java.lang=ALL-UNNAMED --add-opens=java.base/java.lang.reflect=ALL-UNNAMED --add-opens=java.base/java.net=ALL-UNNAMED --add-opens=java.base/java.nio=ALL-UNNAMED --add-opens=java.base/java.nio.charset=ALL-UNNAMED --add-opens=java.base/java.text=ALL-UNNAMED --add-opens=java.base/java.time=ALL-UNNAMED --add-opens=java.base/java.util=ALL-UNNAMED --add-opens=java.base/java.util.concurrent=ALL-UNNAMED --add-opens=java.base/java.util.concurrent.atomic=ALL-UNNAMED --add-opens=java.base/jdk.internal.vm=ALL-UNNAMED --add-opens=java.base/jdk.internal.misc=ALL-UNNAMED --add-opens=java.base/sun.nio.ch=ALL-UNNAMED --add-opens=java.base/sun.nio.fs=ALL-UNNAMED --add-opens=java.base/sun.security.ssl=ALL-UNNAMED --add-opens=java.base/sun.security.action=ALL-UNNAMED --add-opens=java.base/sun.security.util=ALL-UNNAMED --add-opens=java.security.jgss/sun.security.jgss=ALL-UNNAMED --add-opens=java.security.jgss/sun.security.krb5=ALL-UNNAMED --add-opens=java.desktop/java.awt=ALL-UNNAMED --add-opens=java.desktop/java.awt.peer=ALL-UNNAMED --add-opens=java.sql/java.sql=ALL-UNNAMED -Xms64m -Xmx1024m /opt/dbeaver//plugins/org.eclipse.equinox.launcher_1.7.100.v20251111-0406.jar -os linux -ws gtk -arch aarch64 -showsplash -launcher /opt/dbeaver/dbeaver -name Dbeaver --launcher.library /opt/dbeaver//plugins/org.eclipse.equinox.launcher.gtk.linux.aarch64_1.2.1500.v20250801-0854/eclipse_11916.so -startup /opt/dbeaver//plugins/org.eclipse.equinox.launcher_1.7.100.v20251111-0406.jar --launcher.overrideVmargs -exitdata 2 -vm /opt/dbeaver/jre/bin/java -vmargs -XX:+IgnoreUnrecognizedVMOptions -Dosgi.requiredJavaVersion=21 -Dfile.encoding=UTF-8 --add-modules=ALL-DEFAULT --add-opens=java.base/java.io=ALL-UNNAMED --add-opens=java.base/java.lang=ALL-UNNAMED --add-opens=java.base/java.lang.reflect=ALL-UNNAMED --add-opens=java.base/java.net=ALL-UNNAMED --add-opens=java.base/java.nio=ALL-UNNAMED --add-opens=java.base/java.nio.charset=ALL-UNNAMED --add-opens=java.base/java.text=ALL-UNNAMED --add-opens=java.base/java.time=ALL-UNNAMED --add-opens=java.base/java.util=ALL-UNNAMED --add-opens=java.base/java.util.concurrent=ALL-UNNAMED --add-opens=java.base/java.util.concurrent.atomic=ALL-UNNAMED --add-opens=java.base/jdk.internal.vm=ALL-UNNAMED --add-opens=java.base/jdk.internal.misc=ALL-UNNAMED --add-opens=java.base/sun.nio.ch=ALL-UNNAMED --add-opens=java.base/sun.nio.fs=ALL-UNNAMED --add-opens=java.base/sun.security.ssl=ALL-UNNAMED --add-opens=java.base/sun.security.action=ALL-UNNAMED --add-opens=java.base/sun.security.util=ALL-UNNAMED --add-opens=java.security.jgss/sun.security.jgss=ALL-UNNAMED --add-opens=java.security.jgss/sun.security.krb5=ALL-UNNAMED --add-opens=java.desktop/java.awt=ALL-UNNAMED --add-opens=java.desktop/java.awt.peer=ALL-UNNAMED --add-opens=java.sql/java.sql=ALL-UNNAMED -Xms64m -Xmx1024m -jar /opt/dbeaver//plugins/org.eclipse.equinox.launcher_1.7.100.v20251111-0406.jar

Host: AArch64, 4 cores, 3G, Manjaro ARM Linux
Time: Fri May 22 13:22:15 2026 IST elapsed time: 6.132446 seconds (0d 0h 0m 6s)

---------------  T H R E A D  ---------------

Current thread (0x0000ffff5802d640):  JavaThread "main"             [_thread_in_native, id=8389, stack(0x0000ffff61ae0000,0x0000ffff61cde000) (2040K)]

Stack: [0x0000ffff61ae0000,0x0000ffff61cde000],  sp=0x0000ffff61cdad40,  free space=2027k
Native frames: (J=compiled Java code, j=interpreted, Vv=VM code, C=native code)
C  [libswt-pi3-gtk-4972r7.so+0x58eb0]  swt_fixed_resize+0x18
C  [libswt-pi3-gtk-4972r7.so+0x53ff0]  Java_org_eclipse_swt_internal_gtk_OS_swt_1fixed_1resize+0x1c
j  org.eclipse.swt.internal.gtk.OS.swt_fixed_resize(JJII)V+0
j  org.eclipse.swt.widgets.Scrollable.resizeHandle(II)V+74
j  org.eclipse.swt.widgets.Composite.resizeHandle(II)V+3
j  org.eclipse.swt.widgets.Control.setBounds(IIIIZZ)I+423
j  org.eclipse.swt.widgets.Composite.setBounds(IIIIZZ)I+79
j  org.eclipse.swt.widgets.Control.setBounds(Lorg/eclipse/swt/graphics/Rectangle;)V+40
j  org.eclipse.ui.splash.BasicSplashHandler.getBundleProgressMonitor()Lorg/eclipse/core/runtime/IProgressMonitor;+48
j  org.eclipse.ui.splash.BasicSplashHandler.getContent()Lorg/eclipse/swt/widgets/Composite;+1
j  org.jkiss.dbeaver.ui.app.standalone.DBeaverSplashHandler.initVisualization()V+181
j  org.jkiss.dbeaver.ui.app.standalone.DBeaverSplashHandler.init(Lorg/eclipse/swt/widgets/Shell;)V+6
j  org.eclipse.ui.internal.Workbench$3.run()V+147
j  org.eclipse.core.runtime.SafeRunner.run(Lorg/eclipse/core/runtime/ISafeRunnable;)V+5
j  org.eclipse.ui.internal.Workbench.createSplashWrapper()V+10
j  org.eclipse.ui.internal.Workbench.lambda$4(Lorg/eclipse/ui/internal/Workbench;Lorg/eclipse/swt/widgets/Display;ZLjava/util/concurrent/atomic/AtomicReference;)V+1
j  org.eclipse.ui.internal.Workbench$$Lambda+0x00000001005711e8.run()V+16
j  org.eclipse.swt.internal.DPIUtil.runWithAutoScaleValue(Ljava/lang/String;Ljava/lang/Runnable;)V+21
j  org.eclipse.ui.internal.Workbench$AutoscaleAdaptation.runWithInitialAutoScaleValue(Ljava/lang/Runnable;)V+5
j  org.eclipse.ui.internal.Workbench.lambda$3(Lorg/eclipse/swt/widgets/Display;Lorg/eclipse/ui/application/WorkbenchAdvisor;[I)V+277
j  org.eclipse.ui.internal.Workbench$$Lambda+0x0000000100449048.run()V+12
j  org.eclipse.core.databinding.observable.Realm.runWithDefault(Lorg/eclipse/core/databinding/observable/Realm;Ljava/lang/Runnable;)V+12
j  org.eclipse.ui.internal.Workbench.createAndRunWorkbench(Lorg/eclipse/swt/widgets/Display;Lorg/eclipse/ui/application/WorkbenchAdvisor;)I+16
j  org.eclipse.ui.PlatformUI.createAndRunWorkbench(Lorg/eclipse/swt/widgets/Display;Lorg/eclipse/ui/application/WorkbenchAdvisor;)I+2
j  org.jkiss.dbeaver.ui.app.standalone.DBeaverApplication.start(Lorg/eclipse/equinox/app/IApplicationContext;)Ljava/lang/Object;+744
j  org.eclipse.equinox.internal.app.EclipseAppHandle.run(Ljava/lang/Object;)Ljava/lang/Object;+138
j  org.eclipse.core.runtime.internal.adaptor.EclipseAppLauncher.runApplication(Ljava/lang/Object;)Ljava/lang/Object;+85
j  org.eclipse.core.runtime.internal.adaptor.EclipseAppLauncher.start(Ljava/lang/Object;)Ljava/lang/Object;+79
j  org.eclipse.core.runtime.adaptor.EclipseStarter.run(Ljava/lang/Object;)Ljava/lang/Object;+99
j  org.eclipse.core.runtime.adaptor.EclipseStarter.run([Ljava/lang/String;Ljava/lang/Runnable;)Ljava/lang/Object;+132
J 533 c1 java.lang.invoke.DirectMethodHandle$Holder.invokeStatic(Ljava/lang/Object;Ljava/lang/Object;Ljava/lang/Object;)Ljava/lang/Object; java.base@21.0.10 (15 bytes) @ 0x0000ffff430d5e54 [0x0000ffff430d5b00+0x0000000000000354]
j  java.lang.invoke.LambdaForm$MH+0x0000000100101800.invoke(Ljava/lang/Object;Ljava/lang/Object;Ljava/lang/Object;Ljava/lang/Object;)Ljava/lang/Object;+54 java.base@21.0.10
j  java.lang.invoke.LambdaForm$MH+0x0000000100101c00.invokeExact_MT(Ljava/lang/Object;Ljava/lang/Object;Ljava/lang/Object;Ljava/lang/Object;Ljava/lang/Object;)Ljava/lang/Object;+22 java.base@21.0.10
j  jdk.internal.reflect.DirectMethodHandleAccessor.invokeImpl(Ljava/lang/Object;[Ljava/lang/Object;)Ljava/lang/Object;+72 java.base@21.0.10
j  jdk.internal.reflect.DirectMethodHandleAccessor.invoke(Ljava/lang/Object;[Ljava/lang/Object;)Ljava/lang/Object;+23 java.base@21.0.10
j  java.lang.reflect.Method.invoke(Ljava/lang/Object;[Ljava/lang/Object;)Ljava/lang/Object;+102 java.base@21.0.10
j  org.eclipse.equinox.launcher.Main.invokeFramework([Ljava/lang/String;[Ljava/net/URL;)V+155
j  org.eclipse.equinox.launcher.Main.basicRun([Ljava/lang/String;)V+191
j  org.eclipse.equinox.launcher.Main.run([Ljava/lang/String;)I+4
j  org.eclipse.equinox.launcher.Main.main([Ljava/lang/String;)V+10
v  ~StubRoutines::call_stub 0x0000ffff4a534154
V  [libjvm.so+0x83ba78]  JavaCalls::call_helper(JavaValue*, methodHandle const&, JavaCallArguments*, JavaThread*)+0x218
V  [libjvm.so+0x8d4ef8]  jni_invoke_static(JNIEnv_*, JavaValue*, _jobject*, JNICallType, _jmethodID*, JNI_ArgumentPusher*, JavaThread*) [clone .constprop.1]+0x228
V  [libjvm.so+0x8d74d8]  jni_CallStaticVoidMethod+0xf8
C  [libjli.so+0x9a50]  JavaMain+0xea0
C  [libjli.so+0xc22c]  ThreadJavaMain+0xc
C  [libc.so.6+0x85300]
Java frames: (J=compiled Java code, j=interpreted, Vv=VM code)
j  org.eclipse.swt.internal.gtk.OS.swt_fixed_resize(JJII)V+0
j  org.eclipse.swt.widgets.Scrollable.resizeHandle(II)V+74
j  org.eclipse.swt.widgets.Composite.resizeHandle(II)V+3
j  org.eclipse.swt.widgets.Control.setBounds(IIIIZZ)I+423
j  org.eclipse.swt.widgets.Composite.setBounds(IIIIZZ)I+79
j  org.eclipse.swt.widgets.Control.setBounds(Lorg/eclipse/swt/graphics/Rectangle;)V+40
j  org.eclipse.ui.splash.BasicSplashHandler.getBundleProgressMonitor()Lorg/eclipse/core/runtime/IProgressMonitor;+48
j  org.eclipse.ui.splash.BasicSplashHandler.getContent()Lorg/eclipse/swt/widgets/Composite;+1
j  org.jkiss.dbeaver.ui.app.standalone.DBeaverSplashHandler.initVisualization()V+181
j  org.jkiss.dbeaver.ui.app.standalone.DBeaverSplashHandler.init(Lorg/eclipse/swt/widgets/Shell;)V+6
j  org.eclipse.ui.internal.Workbench$3.run()V+147
j  org.eclipse.core.runtime.SafeRunner.run(Lorg/eclipse/core/runtime/ISafeRunnable;)V+5
j  org.eclipse.ui.internal.Workbench.createSplashWrapper()V+10
j  org.eclipse.ui.internal.Workbench.lambda$4(Lorg/eclipse/ui/internal/Workbench;Lorg/eclipse/swt/widgets/Display;ZLjava/util/concurrent/atomic/AtomicReference;)V+1
j  org.eclipse.ui.internal.Workbench$$Lambda+0x00000001005711e8.run()V+16
j  org.eclipse.swt.internal.DPIUtil.runWithAutoScaleValue(Ljava/lang/String;Ljava/lang/Runnable;)V+21
j  org.eclipse.ui.internal.Workbench$AutoscaleAdaptation.runWithInitialAutoScaleValue(Ljava/lang/Runnable;)V+5
j  org.eclipse.ui.internal.Workbench.lambda$3(Lorg/eclipse/swt/widgets/Display;Lorg/eclipse/ui/application/WorkbenchAdvisor;[I)V+277
j  org.eclipse.ui.internal.Workbench$$Lambda+0x0000000100449048.run()V+12
j  org.eclipse.core.databinding.observable.Realm.runWithDefault(Lorg/eclipse/core/databinding/observable/Realm;Ljava/lang/Runnable;)V+12
j  org.eclipse.ui.internal.Workbench.createAndRunWorkbench(Lorg/eclipse/swt/widgets/Display;Lorg/eclipse/ui/application/WorkbenchAdvisor;)I+16
j  org.eclipse.ui.PlatformUI.createAndRunWorkbench(Lorg/eclipse/swt/widgets/Display;Lorg/eclipse/ui/application/WorkbenchAdvisor;)I+2
j  org.jkiss.dbeaver.ui.app.standalone.DBeaverApplication.start(Lorg/eclipse/equinox/app/IApplicationContext;)Ljava/lang/Object;+744
j  org.eclipse.equinox.internal.app.EclipseAppHandle.run(Ljava/lang/Object;)Ljava/lang/Object;+138
j  org.eclipse.core.runtime.internal.adaptor.EclipseAppLauncher.runApplication(Ljava/lang/Object;)Ljava/lang/Object;+85
j  org.eclipse.core.runtime.internal.adaptor.EclipseAppLauncher.start(Ljava/lang/Object;)Ljava/lang/Object;+79
j  org.eclipse.core.runtime.adaptor.EclipseStarter.run(Ljava/lang/Object;)Ljava/lang/Object;+99
j  org.eclipse.core.runtime.adaptor.EclipseStarter.run([Ljava/lang/String;Ljava/lang/Runnable;)Ljava/lang/Object;+132
J 533 c1 java.lang.invoke.DirectMethodHandle$Holder.invokeStatic(Ljava/lang/Object;Ljava/lang/Object;Ljava/lang/Object;)Ljava/lang/Object; java.base@21.0.10 (15 bytes) @ 0x0000ffff430d5e54 [0x0000ffff430d5b00+0x0000000000000354]
j  java.lang.invoke.LambdaForm$MH+0x0000000100101800.invoke(Ljava/lang/Object;Ljava/lang/Object;Ljava/lang/Object;Ljava/lang/Object;)Ljava/lang/Object;+54 java.base@21.0.10
j  java.lang.invoke.LambdaForm$MH+0x0000000100101c00.invokeExact_MT(Ljava/lang/Object;Ljava/lang/Object;Ljava/lang/Object;Ljava/lang/Object;Ljava/lang/Object;)Ljava/lang/Object;+22 java.base@21.0.10
j  jdk.internal.reflect.DirectMethodHandleAccessor.invokeImpl(Ljava/lang/Object;[Ljava/lang/Object;)Ljava/lang/Object;+72 java.base@21.0.10
j  jdk.internal.reflect.DirectMethodHandleAccessor.invoke(Ljava/lang/Object;[Ljava/lang/Object;)Ljava/lang/Object;+23 java.base@21.0.10
j  java.lang.reflect.Method.invoke(Ljava/lang/Object;[Ljava/lang/Object;)Ljava/lang/Object;+102 java.base@21.0.10
j  org.eclipse.equinox.launcher.Main.invokeFramework([Ljava/lang/String;[Ljava/net/URL;)V+155
j  org.eclipse.equinox.launcher.Main.basicRun([Ljava/lang/String;)V+191
j  org.eclipse.equinox.launcher.Main.run([Ljava/lang/String;)I+4
j  org.eclipse.equinox.launcher.Main.main([Ljava/lang/String;)V+10
v  ~StubRoutines::call_stub 0x0000ffff4a534154

siginfo: si_signo: 11 (SIGSEGV), si_code: 1 (SEGV_MAPERR), si_addr: 0x0000000000000028

Registers:
R0=0x0000000000000000
R1=0x0000ffff592e7080
R2=0x0000000000007fff
R3=0x0000000000007fff
R4=0x0000000000007fff
R5=0x0000000000007fff
R6=0x0000ffff58b42ef0
R7=0x0000000000000002
R8=0x0000000000000004
R9=0x0000ffff5802da8c
R10=0x0000ffff400bc428
R11=0x0000000000000000
R12=0x0000ffff58990e90
R13=0x0000000000000010
R14=0x000000000000000b
R15=0x00000000019cb2a5
R16=0x0000ffff40108e98
R17=0x0000ffff401400f0
R18=0x0000ffff20025148
R19=0x0000ffff4a53a8f0
R20=0x0000000000007fff
R21=0x0000000000007fff
R22=0x0000000000000000
R23=0x0000000000000000
R24=0x0000ffff61cdae78
R25=0x00000000c01f7240
R26=0x0000ffff21698000
R27=0x00000000c01f7230
R28=0x0000ffff5802d640
R29=0x0000ffff61cdad40
R30=0x0000ffff40103ff0


Register to memory mapping:

R0 =0x0 is null
R1 =0x0000ffff592e7080 points into unknown readable memory: 0x0000ffff58418730 | 30 87 41 58 ff ff 00 00
R2 =0x0000000000007fff is an unknown value
R3 =0x0000000000007fff is an unknown value
R4 =0x0000000000007fff is an unknown value
R5 =0x0000000000007fff is an unknown value
R6 =0x0000ffff58b42ef0 points into unknown readable memory: 0x0000ffff20901bb8 | b8 1b 90 20 ff ff 00 00
R7 =0x0000000000000002 is an unknown value
R8 =0x0000000000000004 is an unknown value
R9 =0x0000ffff5802da8c points into unknown readable memory: 04 00 00 00
R10=0x0000ffff400bc428: <offset 0x000000000000c428> in /opt/dbeaver/configuration/org.eclipse.osgi/153/0/.cp/libswt-pi3-gtk-4972r7.so at 0x0000ffff400b0000
R11=0x0 is null
R12=0x0000ffff58990e90 points into unknown readable memory: 0x0000ffff400b0000 | 00 00 0b 40 ff ff 00 00
R13=0x0000000000000010 is an unknown value
R14=0x000000000000000b is an unknown value
R15=0x00000000019cb2a5 is an unknown value
R16=0x0000ffff40108e98: swt_fixed_resize+0x0000000000000000 in /opt/dbeaver/configuration/org.eclipse.osgi/153/0/.cp/libswt-pi3-gtk-4972r7.so at 0x0000ffff400b0000
R17=0x0000ffff401400f0: <offset 0x00000000000900f0> in /opt/dbeaver/configuration/org.eclipse.osgi/153/0/.cp/libswt-pi3-gtk-4972r7.so at 0x0000ffff400b0000
R18={method} {0x0000ffff20025148} 'findNative' '(Ljava/lang/ClassLoader;Ljava/lang/String;)J' in 'java/lang/ClassLoader'
R19=0x0000ffff4a53a8f0 is at code_begin+48 in an Interpreter codelet
result handlers for native calls  [0x0000ffff4a53a8c0, 0x0000ffff4a53a908]  72 bytes
R20=0x0000000000007fff is an unknown value
R21=0x0000000000007fff is an unknown value
R22=0x0 is null
R23=0x0 is null
R24=0x0000ffff61cdae78 is pointing into the stack for thread: 0x0000ffff5802d640
R25=0x00000000c01f7240 is pointing into object: [B 
{0x00000000c01f7230} - klass: {type array byte}
 - length: 1
R26=0x0000ffff21698000 is pointing into metadata
R27=0x00000000c01f7230 is an oop: [B 
{0x00000000c01f7230} - klass: {type array byte}
 - length: 1
R28=0x0000ffff5802d640 is a thread
R29=0x0000ffff61cdad40 is pointing into the stack for thread: 0x0000ffff5802d640
R30=0x0000ffff40103ff0: Java_org_eclipse_swt_internal_gtk_OS_swt_1fixed_1resize+0x000000000000001c in /opt/dbeaver/configuration/org.eclipse.osgi/153/0/.cp/libswt-pi3-gtk-4972r7.so at 0x0000ffff400b0000

Top of Stack: (sp=0x0000ffff61cdad40)
0x0000ffff61cdad40:   0000ffff61cdada0 0000ffff40103ff0
0x0000ffff61cdad50:   0000ffff4a53a8f0 0000ffff61cdadb0
0x0000ffff61cdad60:   0000ffff631e15d0 6b74672d74777362
0x0000ffff61cdad70:   00000000e508034a 0000000000000000
0x0000ffff61cdad80:   000000004ba3a365 0000000000000000
0x0000ffff61cdad90:   0000ffff401400f0 0000ffff40103ff0
0x0000ffff61cdada0:   0000ffff61cdae30 0000ffff4a53ca88
0x0000ffff61cdadb0:   0000ffff631e15d0 0000000000000000
0x0000ffff61cdadc0:   0000ffff4a53c85c 0000ffff216850b8
0x0000ffff61cdadd0:   0000ffff5802d640 fffffffe00000000
0x0000ffff61cdade0:   0000ffff61cdade0 0000000000000000
0x0000ffff61cdadf0:   0000000000000009 0000ffff21698000
0x0000ffff61cdae00:   00000000c0bdafb0 0000ffff61cdadd0
0x0000ffff61cdae10:   0000000000000000 0000ffff216850b8
0x0000ffff61cdae20:   0000000000000000 0000ffff61cdae30
0x0000ffff61cdae30:   0000ffff61cdaed0 0000ffff4a53917c
0x0000ffff61cdae40:   0000000000000000 00000000c0bdafb0
0x0000ffff61cdae50:   0000000000007fff 0000000000007fff
0x0000ffff61cdae60:   0000ffff592e7080 0000000000000000
0x0000ffff61cdae70:   0000000000000000 0000000000000000
0x0000ffff61cdae80:   0000ffff61cdae80 0000ffff213f17d2
0x0000ffff61cdae90:   0000000000000007 0000ffff2203e070
0x0000ffff61cdaea0:   00000000c09d7ac0 0000ffff61cdae30
0x0000ffff61cdaeb0:   0000000000000000 0000ffff213f1820
0x0000ffff61cdaec0:   0000ffff61cdae50 0000ffff61cdaec0
0x0000ffff61cdaed0:   0000ffff61cdaf60 0000ffff4a53917c
0x0000ffff61cdaee0:   00000000c421fcd0 0000ffff592e7080
0x0000ffff61cdaef0:   0000000000000000 0000000000007fff
0x0000ffff61cdaf00:   0000000000007fff 00000000c421f6d0
0x0000ffff61cdaf10:   0000ffff61cdaf10 0000ffff213ed38b
0x0000ffff61cdaf20:   0000000000000005 0000ffff22045b18
0x0000ffff61cdaf30:   00000000c09d7990 0000ffff61cdaec0 

Instructions: (pc=0x0000ffff40108eb0)
0x0000ffff40108db0:   00 03 00 b4 f3 53 01 a9 f7 1b 00 f9 f5 03 02 aa
0x0000ffff40108dc0:   f7 03 03 2a f3 03 00 aa 74 02 40 f9 84 02 40 f9
0x0000ffff40108dd0:   9f 00 01 eb 40 02 00 54 73 06 40 f9 73 ff ff b5
0x0000ffff40108de0:   f3 53 41 a9 f7 1b 40 f9 0a 00 00 14 77 00 00 35
0x0000ffff40108df0:   21 04 40 f9 01 03 00 b4 e2 03 14 aa c0 0e 40 f9
0x0000ffff40108e00:   f0 91 ff 97 c0 0e 00 f9 f3 53 41 a9 f7 1b 40 f9
0x0000ffff40108e10:   f5 5b 42 a9 fd 7b c4 a8 c0 03 5f d6 e1 03 13 aa
0x0000ffff40108e20:   38 92 ff 97 c0 0e 00 f9 e0 03 13 aa 75 92 ff 97
0x0000ffff40108e30:   35 01 00 b4 c1 0e 40 f9 e1 00 00 b4 20 00 40 f9
0x0000ffff40108e40:   00 00 40 f9 1f 00 15 eb 20 fd ff 54 21 04 40 f9
0x0000ffff40108e50:   61 ff ff b5 01 00 80 d2 17 fd ff 34 c1 0e 40 f9
0x0000ffff40108e60:   e6 ff ff 17 00 14 40 f9 00 0c 40 f9 40 01 00 b4
0x0000ffff40108e70:   04 00 40 f9 85 00 40 f9 bf 00 01 eb 80 00 00 54
0x0000ffff40108e80:   00 04 40 f9 60 ff ff b5 03 00 00 14 82 08 00 b9
0x0000ffff40108e90:   83 0c 00 b9 c0 03 5f d6 fd 7b ba a9 fd 03 00 91
0x0000ffff40108ea0:   f3 53 01 a9 f5 13 00 f9 f5 03 02 2a f4 03 03 2a
0x0000ffff40108eb0:   00 14 40 f9 00 0c 40 f9 40 03 00 b4 04 00 40 f9
0x0000ffff40108ec0:   93 00 40 f9 7f 02 01 eb 80 00 00 54 00 04 40 f9
0x0000ffff40108ed0:   60 ff ff b5 13 00 00 14 95 10 00 b9 94 14 00 b9
0x0000ffff40108ee0:   e1 03 01 91 e0 03 13 aa 4a 8d ff 97 e0 43 40 b9
0x0000ffff40108ef0:   e0 53 00 b9 e0 47 40 b9 e0 57 00 b9 f5 5b 00 b9
0x0000ffff40108f00:   f4 5f 00 b9 02 00 80 d2 e1 e3 00 91 e0 03 13 aa
0x0000ffff40108f10:   48 8d ff 97 e1 43 01 91 e0 03 13 aa 7d 95 ff 97
0x0000ffff40108f20:   f3 53 41 a9 f5 13 40 f9 fd 7b c6 a8 c0 03 5f d6
0x0000ffff40108f30:   c0 01 00 f0 00 60 05 91 00 80 01 91 00 fc df c8
0x0000ffff40108f40:   80 00 00 b4 c0 01 00 f0 00 dc 40 f9 c0 03 5f d6
0x0000ffff40108f50:   fd 7b bf a9 fd 03 00 91 c0 01 00 f0 00 60 05 91
0x0000ffff40108f60:   00 80 01 91 97 97 ff 97 a0 00 00 35 c0 01 00 f0
0x0000ffff40108f70:   00 dc 40 f9 fd 7b c1 a8 c0 03 5f d6 30 fc ff 97
0x0000ffff40108f80:   e1 03 00 aa c0 01 00 f0 00 60 05 91 00 80 01 91
0x0000ffff40108f90:   48 99 ff 97 f6 ff ff 17 fd 7b bd a9 fd 03 00 91
0x0000ffff40108fa0:   f3 53 01 a9 f5 13 00 f9 f3 03 00 aa f4 03 01 aa 


Stack slot to memory mapping:

stack at sp + 0 slots: 0x0000ffff61cdada0 is pointing into the stack for thread: 0x0000ffff5802d640
stack at sp + 1 slots: 0x0000ffff40103ff0: Java_org_eclipse_swt_internal_gtk_OS_swt_1fixed_1resize+0x000000000000001c in /opt/dbeaver/configuration/org.eclipse.osgi/153/0/.cp/libswt-pi3-gtk-4972r7.so at 0x0000ffff400b0000
stack at sp + 2 slots: 0x0000ffff4a53a8f0 is at code_begin+48 in an Interpreter codelet
result handlers for native calls  [0x0000ffff4a53a8c0, 0x0000ffff4a53a908]  72 bytes
stack at sp + 3 slots: 0x0000ffff61cdadb0 is pointing into the stack for thread: 0x0000ffff5802d640
stack at sp + 4 slots: 0x0000ffff631e15d0: <offset 0x00000000014115d0> in /opt/dbeaver/jre/lib/server/libjvm.so at 0x0000ffff61dd0000
stack at sp + 5 slots: 0x6b74672d74777362 is an unknown value
stack at sp + 6 slots: 0x00000000e508034a is an unallocated location in the heap
stack at sp + 7 slots: 0x0 is null


Compiled method (c1) 6137  533       3       java.lang.invoke.DirectMethodHandle$Holder::invokeStatic (15 bytes)
 total in heap  [0x0000ffff430d5910,0x0000ffff430d6088] = 1912
 relocation     [0x0000ffff430d5a60,0x0000ffff430d5ad0] = 112
 main code      [0x0000ffff430d5b00,0x0000ffff430d5f38] = 1080
 stub code      [0x0000ffff430d5f38,0x0000ffff430d5f88] = 80
 metadata       [0x0000ffff430d5f88,0x0000ffff430d5fb8] = 48
 scopes data    [0x0000ffff430d5fb8,0x0000ffff430d6000] = 72
 scopes pcs     [0x0000ffff430d6000,0x0000ffff430d6070] = 112
 dependencies   [0x0000ffff430d6070,0x0000ffff430d6078] = 8
 nul chk table  [0x0000ffff430d6078,0x0000ffff430d6088] = 16

[Constant Pool (empty)]

[MachCode]
[Verified Entry Point]
  # {method} {0x0000ffff20368f68} 'invokeStatic' '(Ljava/lang/Object;Ljava/lang/Object;Ljava/lang/Object;)Ljava/lang/Object;' in 'java/lang/invoke/DirectMethodHandle$Holder'
  # parm0:    c_rarg1:c_rarg1 
                        = 'java/lang/Object'
  # parm1:    c_rarg2:c_rarg2 
                        = 'java/lang/Object'
  # parm2:    c_rarg3:c_rarg3 
                        = 'java/lang/Object'
  #           [sp+0x50]  (sp of caller)
  0x0000ffff430d5b00: 1f20 03d5 | e953 40d1 | 3f01 00f9 | ff43 01d1 | fd7b 04a9 | 2801 0018 | 8923 40b9 | 1f01 09eb 
  0x0000ffff430d5b20: e000 0054 | 0830 93d2 | e84a a9f2 | e8ff dff2 | 0001 3fd6 | 0200 0014 | 0500 0000 

  0x0000ffff430d5b3c: ;   {metadata(method data for {method} {0x0000ffff20368f68} 'invokeStatic' '(Ljava/lang/Object;Ljava/lang/Object;Ljava/lang/Object;)Ljava/lang/Object;' in 'java/lang/invoke/DirectMethodHandle$Holder')}
  0x0000ffff430d5b3c: 00d5 84d2 | 0011 a4f2 | e0ff dff2 | 0040 0991 | e403 01aa | a400 00b5 | 0900 40f9 | 2901 40b2 
  0x0000ffff430d5b5c: 0900 00f9 | 0b00 0014 | 8408 40b9 | 84f0 7dd3 | 0900 40f9 | 8400 09ca | 88f4 7e92 | a800 00b4 
  0x0000ffff430d5b7c: 8400 0837 | 0900 40f9 | 2901 7fb2 | 0900 00f9 | e403 02aa | a400 00b5 | 0908 40f9 | 2901 40b2 
  0x0000ffff430d5b9c: 0908 00f9 | 0b00 0014 | 8408 40b9 | 84f0 7dd3 | 0908 40f9 | 8400 09ca | 88f4 7e92 | a800 00b4 
  0x0000ffff430d5bbc: 8400 0837 | 0908 40f9 | 2901 7fb2 | 0908 00f9 

  0x0000ffff430d5bcc: ;   {metadata(method data for {method} {0x0000ffff20368f68} 'invokeStatic' '(Ljava/lang/Object;Ljava/lang/Object;Ljava/lang/Object;)Ljava/lang/Object;' in 'java/lang/invoke/DirectMethodHandle$Holder')}
  0x0000ffff430d5bcc: 00d5 84d2 | 0011 a4f2 | e0ff dff2 | 04fc 40b9 | 8408 0011 | 04fc 00b9 | 8424 1f12 | 9f00 0071 
  0x0000ffff430d5bec: e016 0054 

  0x0000ffff430d5bf0: ;   {metadata(method data for {method} {0x0000ffff20368f68} 'invokeStatic' '(Ljava/lang/Object;Ljava/lang/Object;Ljava/lang/Object;)Ljava/lang/Object;' in 'java/lang/invoke/DirectMethodHandle$Holder')}
  0x0000ffff430d5bf0: 00d5 84d2 | 0011 a4f2 | e0ff dff2 | 0040 0591 | e403 01aa | a400 00b5 | 0904 40f9 | 2901 40b2 
  0x0000ffff430d5c10: 0904 00f9 | 0b00 0014 | 8408 40b9 | 84f0 7dd3 | 0904 40f9 | 8400 09ca | 88f4 7e92 | a800 00b4 
  0x0000ffff430d5c30: 8400 0837 | 0904 40f9 | 2901 7fb2 | 0904 00f9 

  0x0000ffff430d5c40: ;   {metadata(method data for {method} {0x0000ffff20368f68} 'invokeStatic' '(Ljava/lang/Object;Ljava/lang/Object;Ljava/lang/Object;)Ljava/lang/Object;' in 'java/lang/invoke/DirectMethodHandle$Holder')}
  0x0000ffff430d5c40: 00d5 84d2 | 0011 a4f2 | e0ff dff2 | 08a0 40f9 | 0805 0091 | 08a0 00f9 

  0x0000ffff430d5c58: ;   {metadata(method data for {method} {0x0000ffff20088c58} 'internalMemberName' '(Ljava/lang/Object;)Ljava/lang/Object;' in 'java/lang/invoke/DirectMethodHandle')}
  0x0000ffff430d5c58: 0068 89d2 | c010 a4f2 | e0ff dff2 | 04fc 40b9 | 8408 0011 | 04fc 00b9 | 844c 1f12 | 9f00 0071 
  0x0000ffff430d5c78: 8013 0054 | 0101 00b5 

  0x0000ffff430d5c80: ;   {metadata(method data for {method} {0x0000ffff20088c58} 'internalMemberName' '(Ljava/lang/Object;)Ljava/lang/Object;' in 'java/lang/invoke/DirectMethodHandle')}
  0x0000ffff430d5c80: 0568 89d2 | c510 a4f2 | e5ff dff2 | a8e4 4439 | 0801 40b2 | a8e4 0439 | 3700 0014 

  0x0000ffff430d5c9c: ;   {metadata('java/lang/invoke/DirectMethodHandle')}
  0x0000ffff430d5c9c: 040b 9cd2 | 8400 a0f2 | 2400 c0f2 | 2508 40b9 | a5f0 7dd3 | a820 40f9 | 9f00 08eb | e104 0054 
  0x0000ffff430d5cbc: ;   {metadata(method data for {method} {0x0000ffff20088c58} 'internalMemberName' '(Ljava/lang/Object;)Ljava/lang/Object;' in 'java/lang/invoke/DirectMethodHandle')}
  0x0000ffff430d5cbc: 0568 89d2 | c510 a4f2 | e5ff dff2 | 2408 40b9 | 84f0 7dd3 | a940 0591 | 2801 40f9 | 9f00 08eb 
  0x0000ffff430d5cdc: a100 0054 | a8ac 40f9 | 0805 0091 | a8ac 00f9 | 2200 0014 | a980 0591 | 2801 40f9 | 9f00 08eb 
  0x0000ffff430d5cfc: a100 0054 | a8b4 40f9 | 0805 0091 | a8b4 00f9 | 1a00 0014 | a940 0591 | 2801 40f9 | c800 00b5 
  0x0000ffff430d5d1c: 2401 00f9 | e803 40b2 | a960 0591 | 2801 00f9 | 1200 0014 | a980 0591 | 2801 40f9 | c800 00b5 
  0x0000ffff430d5d3c: 2401 00f9 | e803 40b2 | a9a0 0591 | 2801 00f9 | 0a00 0014 | 0900 0014 

  0x0000ffff430d5d54: ;   {metadata(method data for {method} {0x0000ffff20088c58} 'internalMemberName' '(Ljava/lang/Object;)Ljava/lang/Object;' in 'java/lang/invoke/DirectMethodHandle')}
  0x0000ffff430d5d54: 0568 89d2 | c510 a4f2 | e5ff dff2 | a8a0 40f9 | 0805 00d1 | a8a0 00f9 | 6700 0014 | 0100 0014 
  0x0000ffff430d5d74: ; implicit exception: dispatches to 0x0000ffff430d5f10
  0x0000ffff430d5d74: 2020 40b9 

  0x0000ffff430d5d78: ;   {metadata(method data for {method} {0x0000ffff20368f68} 'invokeStatic' '(Ljava/lang/Object;Ljava/lang/Object;Ljava/lang/Object;)Ljava/lang/Object;' in 'java/lang/invoke/DirectMethodHandle$Holder')}
  0x0000ffff430d5d78: 01d5 84d2 | 0111 a4f2 | e1ff dff2 | 2180 0591 | e403 00aa | 8400 00b5 | 2900 40f9 | 2901 40b2 
  0x0000ffff430d5d98: 2900 00f9 

  0x0000ffff430d5d9c: ;   {metadata(method data for {method} {0x0000ffff20368f68} 'invokeStatic' '(Ljava/lang/Object;Ljava/lang/Object;Ljava/lang/Object;)Ljava/lang/Object;' in 'java/lang/invoke/DirectMethodHandle$Holder')}
  0x0000ffff430d5d9c: 01d5 84d2 | 0111 a4f2 | e1ff dff2 | 21e0 0691 | e403 02aa | a400 00b5 | 2904 40f9 | 2901 40b2 
  0x0000ffff430d5dbc: 2904 00f9 | 0b00 0014 | 8408 40b9 | 84f0 7dd3 | 2904 40f9 | 8400 09ca | 88f4 7e92 | a800 00b4 
  0x0000ffff430d5ddc: 8400 0837 | 2904 40f9 | 2901 7fb2 | 2904 00f9 | e403 03aa | a400 00b5 | 290c 40f9 | 2901 40b2 
  0x0000ffff430d5dfc: 290c 00f9 | 0b00 0014 | 8408 40b9 | 84f0 7dd3 | 290c 40f9 | 8400 09ca | 88f4 7e92 | a800 00b4 
  0x0000ffff430d5e1c: 8400 0837 | 290c 40f9 | 2901 7fb2 | 290c 00f9 

  0x0000ffff430d5e2c: ;   {metadata(method data for {method} {0x0000ffff20368f68} 'invokeStatic' '(Ljava/lang/Object;Ljava/lang/Object;Ljava/lang/Object;)Ljava/lang/Object;' in 'java/lang/invoke/DirectMethodHandle$Holder')}
  0x0000ffff430d5e2c: 01d5 84d2 | 0111 a4f2 | e1ff dff2 | 28d4 40f9 | 0805 0091 | 28d4 00f9 | e103 02aa | e203 03aa 
  0x0000ffff430d5e4c: e303 00aa 

  0x0000ffff430d5e50: ; ImmutableOopMap {}
                      ;*invokestatic linkToStatic {reexecute=0 rethrow=0 return_oop=0}
                      ; - java.lang.invoke.DirectMethodHandle$Holder::invokeStatic@11
                      ;   {static_call}
  0x0000ffff430d5e50: 6cd0 e795 

  0x0000ffff430d5e54: ;   {other}
  0x0000ffff430d5e54: 1f20 03d5 | 9fa8 80f2 | 1f00 80f2 

  0x0000ffff430d5e60: ;   {metadata(method data for {method} {0x0000ffff20368f68} 'invokeStatic' '(Ljava/lang/Object;Ljava/lang/Object;Ljava/lang/Object;)Ljava/lang/Object;' in 'java/lang/invoke/DirectMethodHandle$Holder')}
  0x0000ffff430d5e60: 01d5 84d2 | 0111 a4f2 | e1ff dff2 | 2160 0791 | e203 00aa | a200 00b5 | 2900 40f9 | 2901 40b2 
  0x0000ffff430d5e80: 2900 00f9 | 0b00 0014 | 4208 40b9 | 42f0 7dd3 | 2900 40f9 | 4200 09ca | 48f4 7e92 | a800 00b4 
  0x0000ffff430d5ea0: 8200 0837 | 2900 40f9 | 2901 7fb2 | 2900 00f9 | fd7b 44a9 | ff43 0191 

  0x0000ffff430d5eb8: ;   {poll_return}
  0x0000ffff430d5eb8: 882b 42f9 | ff63 28eb | a802 0054 | c003 5fd6 

  0x0000ffff430d5ec8: ;   {metadata({method} {0x0000ffff20368f68} 'invokeStatic' '(Ljava/lang/Object;Ljava/lang/Object;Ljava/lang/Object;)Ljava/lang/Object;' in 'java/lang/invoke/DirectMethodHandle$Holder')}
  0x0000ffff430d5ec8: 08ed 91d2 | c806 a4f2 | e8ff dff2 | e807 00f9 | 0800 8092 | e803 00f9 

  0x0000ffff430d5ee0: ; ImmutableOopMap {c_rarg1=Oop c_rarg2=Oop c_rarg3=Oop }
                      ;*synchronization entry
                      ; - java.lang.invoke.DirectMethodHandle$Holder::invokeStatic@-1
                      ;   {runtime_call counter_overflow Runtime1 stub}
  0x0000ffff430d5ee0: 08cd d595 | 43ff ff17 

  0x0000ffff430d5ee8: ;   {metadata({method} {0x0000ffff20088c58} 'internalMemberName' '(Ljava/lang/Object;)Ljava/lang/Object;' in 'java/lang/invoke/DirectMethodHandle')}
  0x0000ffff430d5ee8: 088b 91d2 | 0801 a4f2 | e8ff dff2 | e807 00f9 | 0800 8092 | e803 00f9 

  0x0000ffff430d5f00: ; ImmutableOopMap {c_rarg1=Oop c_rarg2=Oop c_rarg3=Oop }
                      ;*synchronization entry
                      ; - java.lang.invoke.DirectMethodHandle::internalMemberName@-1
                      ; - java.lang.invoke.DirectMethodHandle$Holder::invokeStatic@1
                      ;   {runtime_call counter_overflow Runtime1 stub}
  0x0000ffff430d5f00: 00cd d595 | 5eff ff17 | e803 01aa 

  0x0000ffff430d5f0c: ; ImmutableOopMap {c_rarg2=Oop c_rarg3=Oop }
                      ;*checkcast {reexecute=0 rethrow=0 return_oop=0}
                      ; - java.lang.invoke.DirectMethodHandle::internalMemberName@1
                      ; - java.lang.invoke.DirectMethodHandle$Holder::invokeStatic@1
                      ;   {runtime_call throw_class_cast_exception Runtime1 stub}
  0x0000ffff430d5f0c: 3dc3 d595 

  0x0000ffff430d5f10: ; ImmutableOopMap {c_rarg2=Oop c_rarg3=Oop }
                      ;*getfield member {reexecute=1 rethrow=0 return_oop=0}
                      ; - (reexecute) java.lang.invoke.DirectMethodHandle::internalMemberName@4
                      ; - java.lang.invoke.DirectMethodHandle$Holder::invokeStatic@1
                      ;   {runtime_call throw_null_pointer_exception Runtime1 stub}
  0x0000ffff430d5f10: 3cba d595 

  0x0000ffff430d5f14: ;   {internal_word}
  0x0000ffff430d5f14: 28fd ff10 | 8837 02f9 

  0x0000ffff430d5f1c: ;   {runtime_call SafepointBlob}
  0x0000ffff430d5f1c: 7982 d215 | 8083 42f9 | 9f83 02f9 | 9f87 02f9 | fd7b 44a9 | ff43 0191 

  0x0000ffff430d5f34: ;   {runtime_call unwind_exception Runtime1 stub}
  0x0000ffff430d5f34: 73b6 d515 
[Stub Code]
  0x0000ffff430d5f38: ;   {no_reloc}
  0x0000ffff430d5f38: 4800 0058 | 0001 1fd6 | 00a0 ac4a | ffff 0000 

  0x0000ffff430d5f48: ;   {static_stub}
  0x0000ffff430d5f48: df3f 03d5 

  0x0000ffff430d5f4c: ;   {metadata(nullptr)}
  0x0000ffff430d5f4c: 0c00 80d2 | 0c00 a0f2 | 0c00 c0f2 | 0800 80d2 | 0800 a0f2 | 0800 c0f2 | 0001 1fd6 
[Exception Handler]
  0x0000ffff430d5f68: ;   {runtime_call handle_exception_from_callee Runtime1 stub}
  0x0000ffff430d5f68: a6c1 d595 | c1d5 bbd4 | f018 d362 | ffff 0000 
[Deopt Handler Code]
  0x0000ffff430d5f78: 1e00 0010 

  0x0000ffff430d5f7c: ;   {runtime_call DeoptimizationBlob}
  0x0000ffff430d5f7c: 3183 d215 
[Deopt MH Handler Code]
  0x0000ffff430d5f80: 1e00 0010 

  0x0000ffff430d5f84: ;   {runtime_call DeoptimizationBlob}
  0x0000ffff430d5f84: 2f83 d215 
[/MachCode]


---------------  P R O C E S S  ---------------

Threads class SMR info:
_java_thread_list=0x0000ffff59091e90, length=30, elements={
0x0000ffff5802d640, 0x0000ffff58184f10, 0x0000ffff581864c0, 0x0000ffff58187de0,
0x0000ffff581892f0, 0x0000ffff5819a920, 0x0000ffff5819c400, 0x0000ffff5819da90,
0x0000ffff5827ac00, 0x0000ffff5827dc00, 0x0000ffff58693840, 0x0000ffff587083d0,
0x0000ffff58709be0, 0x0000fffebc0a3410, 0x0000fffebc2485c0, 0x0000ffff58842e20,
0x0000fffec809e770, 0x0000ffff58a83ec0, 0x0000ffff58f6b780, 0x0000fffecc00f270,
0x0000ffff587ed6b0, 0x0000fffed8012280, 0x0000fffed8012e20, 0x0000ffff58819920,
0x0000ffff5881ced0, 0x0000ffff0447a0d0, 0x0000fffee0003bd0, 0x0000ffff14001010,
0x0000fffefc003270, 0x0000ffff58c26650
}

Java Threads: ( => current thread )
=>0x0000ffff5802d640 JavaThread "main"                              [_thread_in_native, id=8389, stack(0x0000ffff61ae0000,0x0000ffff61cde000) (2040K)]
  0x0000ffff58184f10 JavaThread "Reference Handler"          daemon [_thread_blocked, id=8397, stack(0x0000ffff5e7b4000,0x0000ffff5e9b4000) (2048K)]
  0x0000ffff581864c0 JavaThread "Finalizer"                  daemon [_thread_blocked, id=8398, stack(0x0000ffff5e5a4000,0x0000ffff5e7a4000) (2048K)]
  0x0000ffff58187de0 JavaThread "Signal Dispatcher"          daemon [_thread_blocked, id=8399, stack(0x0000ffff5e394000,0x0000ffff5e594000) (2048K)]
  0x0000ffff581892f0 JavaThread "Service Thread"             daemon [_thread_blocked, id=8400, stack(0x0000ffff5e184000,0x0000ffff5e384000) (2048K)]
  0x0000ffff5819a920 JavaThread "Monitor Deflation Thread"   daemon [_thread_blocked, id=8401, stack(0x0000ffff5df74000,0x0000ffff5e174000) (2048K)]
  0x0000ffff5819c400 JavaThread "C2 CompilerThread0"         daemon [_thread_blocked, id=8402, stack(0x0000ffff5dd64000,0x0000ffff5df64000) (2048K)]
  0x0000ffff5819da90 JavaThread "C1 CompilerThread0"         daemon [_thread_blocked, id=8403, stack(0x0000ffff5db54000,0x0000ffff5dd54000) (2048K)]
  0x0000ffff5827ac00 JavaThread "Notification Thread"        daemon [_thread_blocked, id=8404, stack(0x0000ffff5d944000,0x0000ffff5db44000) (2048K)]
  0x0000ffff5827dc00 JavaThread "Common-Cleaner"             daemon [_thread_blocked, id=8405, stack(0x0000ffff5d734000,0x0000ffff5d934000) (2048K)]
  0x0000ffff58693840 JavaThread "Active Thread: Equinox Container: 474318d7-1018-478f-b614-570bbae7df69"        [_thread_blocked, id=8416, stack(0x0000fffee73e0000,0x0000fffee75e0000) (2048K)]
  0x0000ffff587083d0 JavaThread "Framework Event Dispatcher: Equinox Container: 474318d7-1018-478f-b614-570bbae7df69" daemon [_thread_blocked, id=8417, stack(0x0000fffee71d0000,0x0000fffee73d0000) (2048K)]
  0x0000ffff58709be0 JavaThread "Start Level: Equinox Container: 474318d7-1018-478f-b614-570bbae7df69" daemon [_thread_blocked, id=8418, stack(0x0000fffee6fc0000,0x0000fffee71c0000) (2048K)]
  0x0000fffebc0a3410 JavaThread "SCR Component Actor"        daemon [_thread_blocked, id=8419, stack(0x0000fffee6be4000,0x0000fffee6de4000) (2048K)]
  0x0000fffebc2485c0 JavaThread "EMF Reference Cleaner"      daemon [_thread_blocked, id=8420, stack(0x0000fffee69d4000,0x0000fffee6bd4000) (2048K)]
  0x0000ffff58842e20 JavaThread "Gogo shell"                        [_thread_blocked, id=8421, stack(0x0000fffee67c4000,0x0000fffee69c4000) (2048K)]
  0x0000fffec809e770 JavaThread "Worker-JM"                         [_thread_blocked, id=8424, stack(0x0000fffee63a4000,0x0000fffee65a4000) (2048K)]
  0x0000ffff58a83ec0 JavaThread "Database navigator events processor"        [_thread_blocked, id=8425, stack(0x0000fffee65b4000,0x0000fffee67b4000) (2048K)]
  0x0000ffff58f6b780 JavaThread "Worker-1"                          [_thread_blocked, id=8426, stack(0x0000fffee6194000,0x0000fffee6394000) (2048K)]
  0x0000fffecc00f270 JavaThread "Worker-2"                          [_thread_blocked, id=8427, stack(0x0000fffee5f84000,0x0000fffee6184000) (2048K)]
  0x0000ffff587ed6b0 JavaThread "Bundle File Closer"         daemon [_thread_blocked, id=8430, stack(0x0000fffee5d74000,0x0000fffee5f74000) (2048K)]
  0x0000fffed8012280 JavaThread "Worker-3"                          [_thread_blocked, id=8431, stack(0x0000fffee5b64000,0x0000fffee5d64000) (2048K)]
  0x0000fffed8012e20 JavaThread "Worker-4"                          [_thread_blocked, id=8432, stack(0x0000fffee5954000,0x0000fffee5b54000) (2048K)]
  0x0000ffff58819920 JavaThread "idle-timeout-task"          daemon [_thread_blocked, id=8441, stack(0x0000ffff305d0000,0x0000ffff307d0000) (2048K)]
  0x0000ffff5881ced0 JavaThread "HTTP-Dispatcher"                   [_thread_in_native, id=8442, stack(0x0000fffee5744000,0x0000fffee5944000) (2048K)]
  0x0000ffff0447a0d0 JavaThread "C2 CompilerThread1"         daemon [_thread_blocked, id=8443, stack(0x0000fffee5534000,0x0000fffee5734000) (2048K)]
  0x0000fffee0003bd0 JavaThread "Worker-5"                          [_thread_blocked, id=8444, stack(0x0000fffee5324000,0x0000fffee5524000) (2048K)]
  0x0000ffff14001010 JavaThread "SIGINT handler"             daemon [_thread_blocked, id=8445, stack(0x0000fffee5114000,0x0000fffee5314000) (2048K)]
  0x0000fffefc003270 JavaThread "Thread-0"                          [_thread_in_native, id=8447, stack(0x0000fffee4cf4000,0x0000fffee4ef4000) (2048K)]
  0x0000ffff58c26650 JavaThread "SWTResourceTracker"         daemon [_thread_blocked, id=8451, stack(0x0000fffee4ae4000,0x0000fffee4ce4000) (2048K)]
Total: 30

Other Threads:
  0x0000ffff58145f10 VMThread "VM Thread"                           [id=8396, stack(0x0000ffff5ecb0000,0x0000ffff5eeb0000) (2048K)]
  0x0000ffff580b7bc0 WatcherThread "VM Periodic Task Thread"        [id=8395, stack(0x0000ffff5eec0000,0x0000ffff5f0c0000) (2048K)]
  0x0000ffff58061b60 WorkerThread "GC Thread#0"                     [id=8390, stack(0x0000ffff5fe44000,0x0000ffff60044000) (2048K)]
  0x0000ffff18006800 WorkerThread "GC Thread#1"                     [id=8413, stack(0x0000ffff303c0000,0x0000ffff305c0000) (2048K)]
  0x0000ffff1800b960 WorkerThread "GC Thread#2"                     [id=8414, stack(0x0000ffff301b0000,0x0000ffff303b0000) (2048K)]
  0x0000ffff1800c490 WorkerThread "GC Thread#3"                     [id=8415, stack(0x0000fffee75f0000,0x0000fffee77f0000) (2048K)]
  0x0000ffff5806b000 ConcurrentGCThread "G1 Main Marker"            [id=8391, stack(0x0000ffff5fc34000,0x0000ffff5fe34000) (2048K)]
  0x0000ffff5806bfb0 WorkerThread "G1 Conc#0"                       [id=8392, stack(0x0000ffff5fa24000,0x0000ffff5fc24000) (2048K)]
  0x0000ffff580a8130 ConcurrentGCThread "G1 Refine#0"               [id=8393, stack(0x0000ffff5f404000,0x0000ffff5f604000) (2048K)]
  0x0000ffff580a9100 ConcurrentGCThread "G1 Service"                [id=8394, stack(0x0000ffff5f1f4000,0x0000ffff5f3f4000) (2048K)]
Total: 10

Threads with active compile tasks:
Total: 0

VM state: not at safepoint (normal execution)

VM Mutex/Monitor currently owned by a thread: None

Heap address: 0x00000000c0000000, size: 1024 MB, Compressed Oops mode: 32-bit

CDS archive(s) not mapped
Compressed class space mapped at: 0x0000000100000000-0x0000000140000000, reserved size: 1073741824
Narrow klass base: 0x0000000000000000, Narrow klass shift: 3, Narrow klass range: 0x140000000

GC Precious Log:
 CardTable entry size: 512
 Card Set container configuration: InlinePtr #cards 5 size 8 Array Of Cards #cards 12 size 40 Howl #buckets 4 coarsen threshold 1843 Howl Bitmap #cards 512 size 80 coarsen threshold 460 Card regions per heap region 1 cards per card region 2048
 CPUs: 4 total, 4 available
 Memory: 4036M
 Large Page Support: Disabled
 NUMA Support: Disabled
 Compressed Oops: Enabled (32-bit)
 Heap Region Size: 1M
 Heap Min Capacity: 64M
 Heap Initial Capacity: 64M
 Heap Max Capacity: 1G
 Pre-touch: Disabled
 Parallel Workers: 4
 Concurrent Workers: 1
 Concurrent Refinement Workers: 4
 Periodic GC: Disabled

Heap:
 garbage-first heap   total 71680K, used 31539K [0x00000000c0000000, 0x0000000100000000)
  region size 1024K, 10 young (10240K), 6 survivors (6144K)
 Metaspace       used 45248K, committed 46528K, reserved 1114112K
  class space    used 5043K, committed 5568K, reserved 1048576K

Heap Regions: E=young(eden), S=young(survivor), O=old, HS=humongous(starts), HC=humongous(continues), CS=collection set, F=free, TAMS=top-at-mark-start, PB=parsable bottom
|   0|0x00000000c0000000, 0x00000000c0100000, 0x00000000c0100000|100%| O|  |TAMS 0x00000000c0000000| PB 0x00000000c0000000| Untracked 
|   1|0x00000000c0100000, 0x00000000c0200000, 0x00000000c0200000|100%| O|  |TAMS 0x00000000c0100000| PB 0x00000000c0100000| Untracked 
|   2|0x00000000c0200000, 0x00000000c0300000, 0x00000000c0300000|100%| O|  |TAMS 0x00000000c0200000| PB 0x00000000c0200000| Untracked 
|   3|0x00000000c0300000, 0x00000000c0400000, 0x00000000c0400000|100%| O|  |TAMS 0x00000000c0300000| PB 0x00000000c0300000| Untracked 
|   4|0x00000000c0400000, 0x00000000c0500000, 0x00000000c0500000|100%| O|  |TAMS 0x00000000c0400000| PB 0x00000000c0400000| Untracked 
|   5|0x00000000c0500000, 0x00000000c0600000, 0x00000000c0600000|100%| O|  |TAMS 0x00000000c0500000| PB 0x00000000c0500000| Untracked 
|   6|0x00000000c0600000, 0x00000000c0700000, 0x00000000c0700000|100%| O|  |TAMS 0x00000000c0600000| PB 0x00000000c0600000| Untracked 
|   7|0x00000000c0700000, 0x00000000c0800000, 0x00000000c0800000|100%| O|  |TAMS 0x00000000c0700000| PB 0x00000000c0700000| Untracked 
|   8|0x00000000c0800000, 0x00000000c0900000, 0x00000000c0900000|100%|HS|  |TAMS 0x00000000c0800000| PB 0x00000000c0800000| Complete 
|   9|0x00000000c0900000, 0x00000000c0a00000, 0x00000000c0a00000|100%| O|  |TAMS 0x00000000c0900000| PB 0x00000000c0900000| Untracked 
|  10|0x00000000c0a00000, 0x00000000c0b00000, 0x00000000c0b00000|100%| O|  |TAMS 0x00000000c0a00000| PB 0x00000000c0a00000| Untracked 
|  11|0x00000000c0b00000, 0x00000000c0c00000, 0x00000000c0c00000|100%| O|  |TAMS 0x00000000c0b00000| PB 0x00000000c0b00000| Untracked 
|  12|0x00000000c0c00000, 0x00000000c0d00000, 0x00000000c0d00000|100%| O|  |TAMS 0x00000000c0c00000| PB 0x00000000c0c00000| Untracked 
|  13|0x00000000c0d00000, 0x00000000c0e00000, 0x00000000c0e00000|100%| O|  |TAMS 0x00000000c0d00000| PB 0x00000000c0d00000| Untracked 
|  14|0x00000000c0e00000, 0x00000000c0f00000, 0x00000000c0f00000|100%| O|  |TAMS 0x00000000c0e00000| PB 0x00000000c0e00000| Untracked 
|  15|0x00000000c0f00000, 0x00000000c1000000, 0x00000000c1000000|100%| O|  |TAMS 0x00000000c0f00000| PB 0x00000000c0f00000| Untracked 
|  16|0x00000000c1000000, 0x00000000c1100000, 0x00000000c1100000|100%| O|  |TAMS 0x00000000c1000000| PB 0x00000000c1000000| Untracked 
|  17|0x00000000c1100000, 0x00000000c116d498, 0x00000000c1200000| 42%| O|Cm|TAMS 0x00000000c1100000| PB 0x00000000c1100000| Complete 
|  18|0x00000000c1200000, 0x00000000c1300000, 0x00000000c1300000|100%| O|  |TAMS 0x00000000c1200000| PB 0x00000000c1200000| Untracked 
|  19|0x00000000c1300000, 0x00000000c1400000, 0x00000000c1400000|100%| O|  |TAMS 0x00000000c1300000| PB 0x00000000c1300000| Untracked 
|  20|0x00000000c1400000, 0x00000000c145fa00, 0x00000000c1500000| 37%| O|  |TAMS 0x00000000c1400000| PB 0x00000000c1400000| Untracked 
|  21|0x00000000c1500000, 0x00000000c1600000, 0x00000000c1600000|100%|HS|  |TAMS 0x00000000c1500000| PB 0x00000000c1500000| Complete 
|  22|0x00000000c1600000, 0x00000000c1700000, 0x00000000c1700000|100%| S|CS|TAMS 0x00000000c1600000| PB 0x00000000c1600000| Complete 
|  23|0x00000000c1700000, 0x00000000c1800000, 0x00000000c1800000|100%| S|CS|TAMS 0x00000000c1700000| PB 0x00000000c1700000| Complete 
|  24|0x00000000c1800000, 0x00000000c1900000, 0x00000000c1900000|100%| S|CS|TAMS 0x00000000c1800000| PB 0x00000000c1800000| Complete 
|  25|0x00000000c1900000, 0x00000000c1a00000, 0x00000000c1a00000|100%| S|CS|TAMS 0x00000000c1900000| PB 0x00000000c1900000| Complete 
|  26|0x00000000c1a00000, 0x00000000c1b00000, 0x00000000c1b00000|100%| S|CS|TAMS 0x00000000c1a00000| PB 0x00000000c1a00000| Complete 
|  27|0x00000000c1b00000, 0x00000000c1c00000, 0x00000000c1c00000|100%| S|CS|TAMS 0x00000000c1b00000| PB 0x00000000c1b00000| Complete 
|  28|0x00000000c1c00000, 0x00000000c1d00000, 0x00000000c1d00000|100%|HS|  |TAMS 0x00000000c1c00000| PB 0x00000000c1c00000| Complete 
|  29|0x00000000c1d00000, 0x00000000c1d00000, 0x00000000c1e00000|  0%| F|  |TAMS 0x00000000c1d00000| PB 0x00000000c1d00000| Untracked 
|  30|0x00000000c1e00000, 0x00000000c1e00000, 0x00000000c1f00000|  0%| F|  |TAMS 0x00000000c1e00000| PB 0x00000000c1e00000| Untracked 
|  31|0x00000000c1f00000, 0x00000000c1f00000, 0x00000000c2000000|  0%| F|  |TAMS 0x00000000c1f00000| PB 0x00000000c1f00000| Untracked 
|  32|0x00000000c2000000, 0x00000000c2000000, 0x00000000c2100000|  0%| F|  |TAMS 0x00000000c2000000| PB 0x00000000c2000000| Untracked 
|  33|0x00000000c2100000, 0x00000000c2100000, 0x00000000c2200000|  0%| F|  |TAMS 0x00000000c2100000| PB 0x00000000c2100000| Untracked 
|  34|0x00000000c2200000, 0x00000000c2200000, 0x00000000c2300000|  0%| F|  |TAMS 0x00000000c2200000| PB 0x00000000c2200000| Untracked 
|  35|0x00000000c2300000, 0x00000000c2300000, 0x00000000c2400000|  0%| F|  |TAMS 0x00000000c2300000| PB 0x00000000c2300000| Untracked 
|  36|0x00000000c2400000, 0x00000000c2400000, 0x00000000c2500000|  0%| F|  |TAMS 0x00000000c2400000| PB 0x00000000c2400000| Untracked 
|  37|0x00000000c2500000, 0x00000000c2500000, 0x00000000c2600000|  0%| F|  |TAMS 0x00000000c2500000| PB 0x00000000c2500000| Untracked 
|  38|0x00000000c2600000, 0x00000000c2600000, 0x00000000c2700000|  0%| F|  |TAMS 0x00000000c2600000| PB 0x00000000c2600000| Untracked 
|  39|0x00000000c2700000, 0x00000000c2700000, 0x00000000c2800000|  0%| F|  |TAMS 0x00000000c2700000| PB 0x00000000c2700000| Untracked 
|  40|0x00000000c2800000, 0x00000000c2800000, 0x00000000c2900000|  0%| F|  |TAMS 0x00000000c2800000| PB 0x00000000c2800000| Untracked 
|  41|0x00000000c2900000, 0x00000000c2900000, 0x00000000c2a00000|  0%| F|  |TAMS 0x00000000c2900000| PB 0x00000000c2900000| Untracked 
|  42|0x00000000c2a00000, 0x00000000c2a00000, 0x00000000c2b00000|  0%| F|  |TAMS 0x00000000c2a00000| PB 0x00000000c2a00000| Untracked 
|  43|0x00000000c2b00000, 0x00000000c2b00000, 0x00000000c2c00000|  0%| F|  |TAMS 0x00000000c2b00000| PB 0x00000000c2b00000| Untracked 
|  44|0x00000000c2c00000, 0x00000000c2c00000, 0x00000000c2d00000|  0%| F|  |TAMS 0x00000000c2c00000| PB 0x00000000c2c00000| Untracked 
|  45|0x00000000c2d00000, 0x00000000c2d00000, 0x00000000c2e00000|  0%| F|  |TAMS 0x00000000c2d00000| PB 0x00000000c2d00000| Untracked 
|  46|0x00000000c2e00000, 0x00000000c2e00000, 0x00000000c2f00000|  0%| F|  |TAMS 0x00000000c2e00000| PB 0x00000000c2e00000| Untracked 
|  47|0x00000000c2f00000, 0x00000000c2f00000, 0x00000000c3000000|  0%| F|  |TAMS 0x00000000c2f00000| PB 0x00000000c2f00000| Untracked 
|  48|0x00000000c3000000, 0x00000000c3000000, 0x00000000c3100000|  0%| F|  |TAMS 0x00000000c3000000| PB 0x00000000c3000000| Untracked 
|  49|0x00000000c3100000, 0x00000000c3100000, 0x00000000c3200000|  0%| F|  |TAMS 0x00000000c3100000| PB 0x00000000c3100000| Untracked 
|  50|0x00000000c3200000, 0x00000000c3200000, 0x00000000c3300000|  0%| F|  |TAMS 0x00000000c3200000| PB 0x00000000c3200000| Untracked 
|  51|0x00000000c3300000, 0x00000000c3300000, 0x00000000c3400000|  0%| F|  |TAMS 0x00000000c3300000| PB 0x00000000c3300000| Untracked 
|  52|0x00000000c3400000, 0x00000000c3400000, 0x00000000c3500000|  0%| F|  |TAMS 0x00000000c3400000| PB 0x00000000c3400000| Untracked 
|  53|0x00000000c3500000, 0x00000000c3500000, 0x00000000c3600000|  0%| F|  |TAMS 0x00000000c3500000| PB 0x00000000c3500000| Untracked 
|  54|0x00000000c3600000, 0x00000000c3600000, 0x00000000c3700000|  0%| F|  |TAMS 0x00000000c3600000| PB 0x00000000c3600000| Untracked 
|  55|0x00000000c3700000, 0x00000000c3700000, 0x00000000c3800000|  0%| F|  |TAMS 0x00000000c3700000| PB 0x00000000c3700000| Untracked 
|  56|0x00000000c3800000, 0x00000000c3800000, 0x00000000c3900000|  0%| F|  |TAMS 0x00000000c3800000| PB 0x00000000c3800000| Untracked 
|  57|0x00000000c3900000, 0x00000000c3900000, 0x00000000c3a00000|  0%| F|  |TAMS 0x00000000c3900000| PB 0x00000000c3900000| Untracked 
|  58|0x00000000c3a00000, 0x00000000c3a00000, 0x00000000c3b00000|  0%| F|  |TAMS 0x00000000c3a00000| PB 0x00000000c3a00000| Untracked 
|  59|0x00000000c3b00000, 0x00000000c3b00000, 0x00000000c3c00000|  0%| F|  |TAMS 0x00000000c3b00000| PB 0x00000000c3b00000| Untracked 
|  60|0x00000000c3c00000, 0x00000000c3c00000, 0x00000000c3d00000|  0%| F|  |TAMS 0x00000000c3c00000| PB 0x00000000c3c00000| Untracked 
|  61|0x00000000c3d00000, 0x00000000c3d00000, 0x00000000c3e00000|  0%| F|  |TAMS 0x00000000c3d00000| PB 0x00000000c3d00000| Untracked 
|  62|0x00000000c3e00000, 0x00000000c3e00000, 0x00000000c3f00000|  0%| F|  |TAMS 0x00000000c3e00000| PB 0x00000000c3e00000| Untracked 
|  63|0x00000000c3f00000, 0x00000000c3f00000, 0x00000000c4000000|  0%| F|  |TAMS 0x00000000c3f00000| PB 0x00000000c3f00000| Untracked 
|  64|0x00000000c4000000, 0x00000000c4000000, 0x00000000c4100000|  0%| F|  |TAMS 0x00000000c4000000| PB 0x00000000c4000000| Untracked 
|  65|0x00000000c4100000, 0x00000000c4100000, 0x00000000c4200000|  0%| F|  |TAMS 0x00000000c4100000| PB 0x00000000c4100000| Untracked 
|  66|0x00000000c4200000, 0x00000000c4280000, 0x00000000c4300000| 50%| E|  |TAMS 0x00000000c4200000| PB 0x00000000c4200000| Complete 
|  67|0x00000000c4300000, 0x00000000c4400000, 0x00000000c4400000|100%| E|CS|TAMS 0x00000000c4300000| PB 0x00000000c4300000| Complete 
|  77|0x00000000c4d00000, 0x00000000c4e00000, 0x00000000c4e00000|100%| E|CS|TAMS 0x00000000c4d00000| PB 0x00000000c4d00000| Complete 
|  78|0x00000000c4e00000, 0x00000000c4f00000, 0x00000000c4f00000|100%| E|CS|TAMS 0x00000000c4e00000| PB 0x00000000c4e00000| Complete 

Card table byte_map: [0x0000ffff61068000,0x0000ffff61268000] _byte_map_base: 0x0000ffff60a68000

Marking Bits: (CMBitMap*) 0x0000ffff580626a0
 Bits: [0x0000ffff60068000, 0x0000ffff61068000)

Polling page: 0x0000ffff63454000

Metaspace:

Usage:
  Non-class:     39.26 MB used.
      Class:      4.93 MB used.
       Both:     44.19 MB used.

Virtual space:
  Non-class space:       64.00 MB reserved,      40.00 MB ( 62%) committed,  1 nodes.
      Class space:        1.00 GB reserved,       5.44 MB ( <1%) committed,  1 nodes.
             Both:        1.06 GB reserved,      45.44 MB (  4%) committed. 

Chunk freelists:
   Non-Class:  7.16 MB
       Class:  10.52 MB
        Both:  17.67 MB

MaxMetaspaceSize: unlimited
CompressedClassSpaceSize: 1.00 GB
Initial GC threshold: 21.00 MB
Current GC threshold: 60.12 MB
CDS: off
 - commit_granule_bytes: 65536.
 - commit_granule_words: 8192.
 - virtual_space_node_default_size: 8388608.
 - enlarge_chunks_in_place: 1.
 - use_allocation_guard: 0.


Internal statistics:

num_allocs_failed_limit: 9.
num_arena_births: 796.
num_arena_deaths: 0.
num_vsnodes_births: 2.
num_vsnodes_deaths: 0.
num_space_committed: 727.
num_space_uncommitted: 0.
num_chunks_returned_to_freelist: 9.
num_chunks_taken_from_freelist: 2441.
num_chunk_merges: 3.
num_chunk_splits: 1528.
num_chunks_enlarged: 890.
num_inconsistent_stats: 0.

CodeHeap 'non-profiled nmethods': size=120032Kb used=2275Kb max_used=2275Kb free=117756Kb
 bounds [0x0000ffff4aac8000, 0x0000ffff4ad38000, 0x0000ffff52000000]
CodeHeap 'profiled nmethods': size=120016Kb used=10469Kb max_used=10469Kb free=109546Kb
 bounds [0x0000ffff43000000, 0x0000ffff43a40000, 0x0000ffff4a534000]
CodeHeap 'non-nmethods': size=5712Kb used=1605Kb max_used=1656Kb free=4107Kb
 bounds [0x0000ffff4a534000, 0x0000ffff4a7a4000, 0x0000ffff4aac8000]
CodeCache: size=245760Kb, used=14349Kb, max_used=14400Kb, free=231409Kb
 total_blobs=5600, nmethods=4813, adapters=692, full_count=0
Compilation: enabled, stopped_count=0, restarted_count=0

Compilation events (20 events):
Event: 6.102 Thread 0x0000ffff0447a0d0 5165 %     4       org.eclipse.swt.internal.NativeImageLoader::pixbufToImageData @ 289 (372 bytes)
Event: 6.102 Thread 0x0000ffff5819da90 5167       3       org.eclipse.core.runtime.Assert::isLegal (15 bytes)
Event: 6.102 Thread 0x0000ffff5819da90 nmethod 5167 0x0000ffff43a2aa10 code [0x0000ffff43a2abc0, 0x0000ffff43a2ad78]
Event: 6.103 Thread 0x0000ffff5819c400 nmethod 5150 0x0000ffff4acfc010 code [0x0000ffff4acfc300, 0x0000ffff4acfcf50]
Event: 6.103 Thread 0x0000ffff5819c400 5118       4       org.eclipse.emf.ecore.impl.MinimalEObjectImpl::hasField (13 bytes)
Event: 6.103 Thread 0x0000ffff5819c400 nmethod 5118 0x0000ffff4acfd690 code [0x0000ffff4acfd800, 0x0000ffff4acfd888]
Event: 6.103 Thread 0x0000ffff5819c400 5123       4       org.eclipse.emf.ecore.impl.BasicEObjectImpl::eIsSet (22 bytes)
Event: 6.105 Thread 0x0000ffff5819c400 nmethod 5123 0x0000ffff4acfd990 code [0x0000ffff4acfdb40, 0x0000ffff4acfdcf0]
Event: 6.105 Thread 0x0000ffff5819c400 5113   !   4       java.lang.invoke.MemberName::getMethodType (211 bytes)
Event: 6.107 Thread 0x0000ffff0447a0d0 nmethod 5165% 0x0000ffff4acfde90 code [0x0000ffff4acfe040, 0x0000ffff4acfe440]
Event: 6.108 Thread 0x0000ffff5819c400 nmethod 5113 0x0000ffff4acfe690 code [0x0000ffff4acfe880, 0x0000ffff4acfee40]
Event: 6.110 Thread 0x0000ffff5819da90 5168 %     3       org.eclipse.swt.graphics.ImageData::blit @ 1527 (2512 bytes)
Event: 6.116 Thread 0x0000ffff5819da90 nmethod 5168% 0x0000ffff43a2ae90 code [0x0000ffff43a2b540, 0x0000ffff43a2fea8]
Event: 6.116 Thread 0x0000ffff5819da90 5169       3       org.eclipse.swt.graphics.ImageData::blit (2512 bytes)
Event: 6.121 Thread 0x0000ffff5819da90 nmethod 5169 0x0000ffff43a32290 code [0x0000ffff43a32940, 0x0000ffff43a36670]
Event: 6.123 Thread 0x0000ffff0447a0d0 5170       4       jdk.internal.ref.PhantomCleanable::<init> (49 bytes)
Event: 6.125 Thread 0x0000ffff5819da90 5171       3       org.eclipse.osgi.framework.util.CaseInsensitiveDictionaryMap::initialCapacity (15 bytes)
Event: 6.125 Thread 0x0000ffff5819da90 nmethod 5171 0x0000ffff43a38a90 code [0x0000ffff43a38c40, 0x0000ffff43a38df0]
Event: 6.125 Thread 0x0000ffff5819da90 5172       3       org.eclipse.osgi.framework.util.CaseInsensitiveDictionaryMap::<init> (27 bytes)
Event: 6.125 Thread 0x0000ffff5819da90 nmethod 5172 0x0000ffff43a38e90 code [0x0000ffff43a39080, 0x0000ffff43a39408]

GC Heap History (18 events):
Event: 0.716 GC heap before
{Heap before GC invocations=0 (full 0):
 garbage-first heap   total 65536K, used 12288K [0x00000000c0000000, 0x0000000100000000)
  region size 1024K, 13 young (13312K), 0 survivors (0K)
 Metaspace       used 11214K, committed 11392K, reserved 1114112K
  class space    used 1077K, committed 1152K, reserved 1048576K
}
Event: 0.723 GC heap after
{Heap after GC invocations=1 (full 0):
 garbage-first heap   total 65536K, used 2670K [0x00000000c0000000, 0x0000000100000000)
  region size 1024K, 2 young (2048K), 2 survivors (2048K)
 Metaspace       used 11214K, committed 11392K, reserved 1114112K
  class space    used 1077K, committed 1152K, reserved 1048576K
}
Event: 1.285 GC heap before
{Heap before GC invocations=1 (full 0):
 garbage-first heap   total 65536K, used 21102K [0x00000000c0000000, 0x0000000100000000)
  region size 1024K, 20 young (20480K), 2 survivors (2048K)
 Metaspace       used 15062K, committed 15296K, reserved 1114112K
  class space    used 1467K, committed 1536K, reserved 1048576K
}
Event: 1.296 GC heap after
{Heap after GC invocations=2 (full 0):
 garbage-first heap   total 65536K, used 7851K [0x00000000c0000000, 0x0000000100000000)
  region size 1024K, 3 young (3072K), 3 survivors (3072K)
 Metaspace       used 15062K, committed 15296K, reserved 1114112K
  class space    used 1467K, committed 1536K, reserved 1048576K
}
Event: 1.848 GC heap before
{Heap before GC invocations=2 (full 0):
 garbage-first heap   total 65536K, used 19115K [0x00000000c0000000, 0x0000000100000000)
  region size 1024K, 15 young (15360K), 3 survivors (3072K)
 Metaspace       used 19439K, committed 19904K, reserved 1114112K
  class space    used 1948K, committed 2112K, reserved 1048576K
}
Event: 1.855 GC heap after
{Heap after GC invocations=3 (full 0):
 garbage-first heap   total 65536K, used 10228K [0x00000000c0000000, 0x0000000100000000)
  region size 1024K, 2 young (2048K), 2 survivors (2048K)
 Metaspace       used 19439K, committed 19904K, reserved 1114112K
  class space    used 1948K, committed 2112K, reserved 1048576K
}
Event: 2.171 GC heap before
{Heap before GC invocations=3 (full 0):
 garbage-first heap   total 65536K, used 17396K [0x00000000c0000000, 0x0000000100000000)
  region size 1024K, 10 young (10240K), 2 survivors (2048K)
 Metaspace       used 21027K, committed 21504K, reserved 1114112K
  class space    used 2125K, committed 2368K, reserved 1048576K
}
Event: 2.176 GC heap after
{Heap after GC invocations=4 (full 0):
 garbage-first heap   total 65536K, used 11980K [0x00000000c0000000, 0x0000000100000000)
  region size 1024K, 4 young (4096K), 4 survivors (4096K)
 Metaspace       used 21027K, committed 21504K, reserved 1114112K
  class space    used 2125K, committed 2368K, reserved 1048576K
}
Event: 3.143 GC heap before
{Heap before GC invocations=5 (full 0):
 garbage-first heap   total 65536K, used 46796K [0x00000000c0000000, 0x0000000100000000)
  region size 1024K, 38 young (38912K), 4 survivors (4096K)
 Metaspace       used 29074K, committed 30080K, reserved 1114112K
  class space    used 2983K, committed 3392K, reserved 1048576K
}
Event: 3.155 GC heap after
{Heap after GC invocations=6 (full 0):
 garbage-first heap   total 65536K, used 16992K [0x00000000c0000000, 0x0000000100000000)
  region size 1024K, 5 young (5120K), 5 survivors (5120K)
 Metaspace       used 29074K, committed 30080K, reserved 1114112K
  class space    used 2983K, committed 3392K, reserved 1048576K
}
Event: 3.364 GC heap before
{Heap before GC invocations=6 (full 0):
 garbage-first heap   total 65536K, used 46688K [0x00000000c0000000, 0x0000000100000000)
  region size 1024K, 34 young (34816K), 5 survivors (5120K)
 Metaspace       used 30601K, committed 31488K, reserved 1114112K
  class space    used 3229K, committed 3584K, reserved 1048576K
}
Event: 3.378 GC heap after
{Heap after GC invocations=7 (full 0):
 garbage-first heap   total 65536K, used 18201K [0x00000000c0000000, 0x0000000100000000)
  region size 1024K, 2 young (2048K), 2 survivors (2048K)
 Metaspace       used 30601K, committed 31488K, reserved 1114112K
  class space    used 3229K, committed 3584K, reserved 1048576K
}
Event: 3.436 GC heap before
{Heap before GC invocations=7 (full 0):
 garbage-first heap   total 65536K, used 48921K [0x00000000c0000000, 0x0000000100000000)
  region size 1024K, 32 young (32768K), 2 survivors (2048K)
 Metaspace       used 30606K, committed 31488K, reserved 1114112K
  class space    used 3229K, committed 3584K, reserved 1048576K
}
Event: 3.440 GC heap after
{Heap after GC invocations=8 (full 0):
 garbage-first heap   total 80896K, used 17925K [0x00000000c0000000, 0x0000000100000000)
  region size 1024K, 2 young (2048K), 2 survivors (2048K)
 Metaspace       used 30606K, committed 31488K, reserved 1114112K
  class space    used 3229K, committed 3584K, reserved 1048576K
}
Event: 3.909 GC heap before
{Heap before GC invocations=8 (full 0):
 garbage-first heap   total 80896K, used 45573K [0x00000000c0000000, 0x0000000100000000)
  region size 1024K, 30 young (30720K), 2 survivors (2048K)
 Metaspace       used 35438K, committed 36416K, reserved 1114112K
  class space    used 3722K, committed 4096K, reserved 1048576K
}
Event: 3.916 GC heap after
{Heap after GC invocations=9 (full 0):
 garbage-first heap   total 80896K, used 20120K [0x00000000c0000000, 0x0000000100000000)
  region size 1024K, 4 young (4096K), 4 survivors (4096K)
 Metaspace       used 35438K, committed 36416K, reserved 1114112K
  class space    used 3722K, committed 4096K, reserved 1048576K
}
Event: 5.999 GC heap before
{Heap before GC invocations=10 (full 0):
 garbage-first heap   total 71680K, used 59032K [0x00000000c0000000, 0x0000000100000000)
  region size 1024K, 42 young (43008K), 4 survivors (4096K)
 Metaspace       used 44772K, committed 46016K, reserved 1114112K
  class space    used 4991K, committed 5504K, reserved 1048576K
}
Event: 6.011 GC heap after
{Heap after GC invocations=11 (full 0):
 garbage-first heap   total 71680K, used 25395K [0x00000000c0000000, 0x0000000100000000)
  region size 1024K, 6 young (6144K), 6 survivors (6144K)
 Metaspace       used 44772K, committed 46016K, reserved 1114112K
  class space    used 4991K, committed 5504K, reserved 1048576K
}

Dll operation events (13 events):
Event: 0.001 Loaded shared library /opt/dbeaver/jre/lib/libjava.so
Event: 0.130 Loaded shared library /opt/dbeaver/jre/lib/libnio.so
Event: 0.138 Loaded shared library /opt/dbeaver/jre/lib/libzip.so
Event: 0.255 Loaded shared library /opt/dbeaver/jre/lib/libjimage.so
Event: 0.405 Loaded shared library /opt/dbeaver/plugins/org.eclipse.equinox.launcher.gtk.linux.aarch64_1.2.1500.v20250801-0854/eclipse_11916.so
Event: 0.793 Loaded shared library /opt/dbeaver/jre/lib/libnet.so
Event: 2.516 Loaded shared library /opt/dbeaver/configuration/org.eclipse.osgi/153/0/.cp/libswt-gtk-4972r7.so
Event: 2.528 Loaded shared library /opt/dbeaver/configuration/org.eclipse.osgi/153/0/.cp/libswt-pi3-gtk-4972r7.so
Event: 2.783 Loaded shared library /opt/dbeaver/jre/lib/libverify.so
Event: 3.774 Loaded shared library /opt/dbeaver/configuration/org.eclipse.osgi/50/0/.cp/os/linux/aarch64/libunixfile_1_0_0.so
Event: 3.865 Loaded shared library /opt/dbeaver/jre/lib/libjaas.so
Event: 3.969 Loaded shared library /opt/dbeaver/configuration/org.eclipse.osgi/153/0/.cp/libswt-cairo-gtk-4972r7.so
Event: 5.006 Loaded shared library /opt/dbeaver/jre/lib/libextnet.so

Deoptimization events (20 events):
Event: 6.033 Thread 0x0000ffff5802d640 Uncommon trap: trap_request=0xffffffc6 fr.pc=0x0000ffff4ace12c0 relative=0x0000000000001600
Event: 6.033 Thread 0x0000ffff5802d640 Uncommon trap: reason=bimorphic_or_optimized_type_check action=maybe_recompile pc=0x0000ffff4ace12c0 method=org.eclipse.emf.ecore.util.EContentsEList$FeatureIteratorImpl.hasNext()Z @ 191 c2
Event: 6.033 Thread 0x0000ffff5802d640 DEOPT PACKING pc=0x0000ffff4ace12c0 sp=0x0000ffff61cdb240
Event: 6.033 Thread 0x0000ffff5802d640 DEOPT UNPACKING pc=0x0000ffff4a57701c sp=0x0000ffff61cdb1c0 mode 2
Event: 6.033 Thread 0x0000ffff5802d640 Uncommon trap: trap_request=0xffffffc6 fr.pc=0x0000ffff4ace12c0 relative=0x0000000000001600
Event: 6.033 Thread 0x0000ffff5802d640 Uncommon trap: reason=bimorphic_or_optimized_type_check action=maybe_recompile pc=0x0000ffff4ace12c0 method=org.eclipse.emf.ecore.util.EContentsEList$FeatureIteratorImpl.hasNext()Z @ 191 c2
Event: 6.033 Thread 0x0000ffff5802d640 DEOPT PACKING pc=0x0000ffff4ace12c0 sp=0x0000ffff61cdb1f0
Event: 6.033 Thread 0x0000ffff5802d640 DEOPT UNPACKING pc=0x0000ffff4a57701c sp=0x0000ffff61cdb170 mode 2
Event: 6.033 Thread 0x0000ffff5802d640 Uncommon trap: trap_request=0xffffffc6 fr.pc=0x0000ffff4ace12c0 relative=0x0000000000001600
Event: 6.033 Thread 0x0000ffff5802d640 Uncommon trap: reason=bimorphic_or_optimized_type_check action=maybe_recompile pc=0x0000ffff4ace12c0 method=org.eclipse.emf.ecore.util.EContentsEList$FeatureIteratorImpl.hasNext()Z @ 191 c2
Event: 6.033 Thread 0x0000ffff5802d640 DEOPT PACKING pc=0x0000ffff4ace12c0 sp=0x0000ffff61cdb1f0
Event: 6.033 Thread 0x0000ffff5802d640 DEOPT UNPACKING pc=0x0000ffff4a57701c sp=0x0000ffff61cdb170 mode 2
Event: 6.033 Thread 0x0000ffff5802d640 Uncommon trap: trap_request=0xffffffc6 fr.pc=0x0000ffff4ace12c0 relative=0x0000000000001600
Event: 6.033 Thread 0x0000ffff5802d640 Uncommon trap: reason=bimorphic_or_optimized_type_check action=maybe_recompile pc=0x0000ffff4ace12c0 method=org.eclipse.emf.ecore.util.EContentsEList$FeatureIteratorImpl.hasNext()Z @ 191 c2
Event: 6.033 Thread 0x0000ffff5802d640 DEOPT PACKING pc=0x0000ffff4ace12c0 sp=0x0000ffff61cdb1f0
Event: 6.033 Thread 0x0000ffff5802d640 DEOPT UNPACKING pc=0x0000ffff4a57701c sp=0x0000ffff61cdb170 mode 2
Event: 6.054 Thread 0x0000ffff5802d640 Uncommon trap: trap_request=0xffffff45 fr.pc=0x0000ffff4acf2588 relative=0x0000000000000a48
Event: 6.054 Thread 0x0000ffff5802d640 Uncommon trap: reason=unstable_if action=reinterpret pc=0x0000ffff4acf2588 method=java.util.WeakHashMap.expungeStaleEntries()V @ 9 c2
Event: 6.054 Thread 0x0000ffff5802d640 DEOPT PACKING pc=0x0000ffff4acf2588 sp=0x0000ffff61cda170
Event: 6.054 Thread 0x0000ffff5802d640 DEOPT UNPACKING pc=0x0000ffff4a57701c sp=0x0000ffff61cd9fe0 mode 2

Classes loaded (20 events):
Event: 5.861 Loading class sun/util/calendar/JulianCalendar
Event: 5.861 Loading class sun/util/calendar/JulianCalendar done
Event: 5.861 Loading class sun/util/calendar/Era
Event: 5.862 Loading class sun/util/calendar/Era done
Event: 5.862 Loading class sun/util/calendar/ImmutableGregorianDate
Event: 5.862 Loading class sun/util/calendar/ImmutableGregorianDate done
Event: 5.930 Loading class sun/reflect/generics/scope/MethodScope
Event: 5.930 Loading class sun/reflect/generics/scope/MethodScope done
Event: 5.930 Loading class sun/reflect/generics/repository/MethodRepository
Event: 5.930 Loading class sun/reflect/generics/repository/ConstructorRepository
Event: 5.930 Loading class sun/reflect/generics/repository/ConstructorRepository done
Event: 5.930 Loading class sun/reflect/generics/repository/MethodRepository done
Event: 5.930 Loading class sun/reflect/generics/tree/VoidDescriptor
Event: 5.930 Loading class sun/reflect/generics/tree/VoidDescriptor done
Event: 5.930 Loading class sun/reflect/generics/tree/MethodTypeSignature
Event: 5.930 Loading class sun/reflect/generics/tree/MethodTypeSignature done
Event: 5.947 Loading class sun/util/ResourceBundleEnumeration
Event: 5.947 Loading class sun/util/ResourceBundleEnumeration done
Event: 6.032 Loading class java/util/UUID$Holder
Event: 6.032 Loading class java/util/UUID$Holder done

Classes unloaded (0 events):
No events

Classes redefined (0 events):
No events

Internal exceptions (20 events):
Event: 5.121 Thread 0x0000ffff5802d640 Exception <a 'java/lang/NoSuchMethodError'{0x00000000c3b2fb58}: 'int java.lang.invoke.DirectMethodHandle$Holder.invokeStaticInit(java.lang.Object, long, long)'> (0x00000000c3b2fb58) 
thrown [src/hotspot/share/interpreter/linkResolver.cpp, line 772]
Event: 5.121 Thread 0x0000ffff5802d640 Exception <a 'java/lang/NoSuchMethodError'{0x00000000c3b364f0}: 'int java.lang.invoke.DirectMethodHandle$Holder.invokeStaticInit(java.lang.Object, float, float)'> (0x00000000c3b364f0) 
thrown [src/hotspot/share/interpreter/linkResolver.cpp, line 772]
Event: 5.122 Thread 0x0000ffff5802d640 Exception <a 'java/lang/NoSuchMethodError'{0x00000000c3b3ce80}: 'int java.lang.invoke.DirectMethodHandle$Holder.invokeStaticInit(java.lang.Object, double, double)'> (0x00000000c3b3ce80) 
thrown [src/hotspot/share/interpreter/linkResolver.cpp, line 772]
Event: 5.122 Thread 0x0000ffff5802d640 Exception <a 'java/lang/NoSuchMethodError'{0x00000000c3b41278}: 'int java.lang.invoke.DirectMethodHandle$Holder.invokeStatic(java.lang.Object, long)'> (0x00000000c3b41278) 
thrown [src/hotspot/share/interpreter/linkResolver.cpp, line 772]
Event: 5.126 Thread 0x0000ffff5802d640 Exception <a 'java/lang/NoSuchMethodError'{0x00000000c3b5eb40}: 'int java.lang.invoke.Invokers$Holder.linkToTargetMethod(java.lang.Object, java.lang.Object)'> (0x00000000c3b5eb40) 
thrown [src/hotspot/share/interpreter/linkResolver.cpp, line 772]
Event: 5.149 Thread 0x0000ffff5802d640 Exception <a 'java/lang/NoSuchMethodError'{0x00000000c3be1e30}: 'int java.lang.invoke.DirectMethodHandle$Holder.invokeSpecial(java.lang.Object, java.lang.Object, java.lang.Object, java.lang.Object, java.lang.Object)'> (0x00000000c3be1e30) 
thrown [src/hotspot/share/interpreter/linkResolver.cpp, line 772]
Event: 5.202 Thread 0x0000ffff5802d640 Implicit null exception at 0x0000ffff4ac2197c to 0x0000ffff4ac21a90
Event: 5.316 Thread 0x0000ffff5802d640 Exception <a 'java/lang/NoSuchMethodError'{0x00000000c3527540}: 'int java.lang.invoke.DirectMethodHandle$Holder.invokeSpecial(java.lang.Object, java.lang.Object, java.lang.Object, int)'> (0x00000000c3527540) 
thrown [src/hotspot/share/interpreter/linkResolver.cpp, line 772]
Event: 5.318 Thread 0x0000ffff5802d640 Exception <a 'java/lang/NoSuchMethodError'{0x00000000c35393a0}: 'java.lang.Object java.lang.invoke.DirectMethodHandle$Holder.invokeStatic(java.lang.Object, java.lang.Object, java.lang.Object, java.lang.Object, int)'> (0x00000000c35393a0) 
thrown [src/hotspot/share/interpreter/linkResolver.cpp, line 772]
Event: 5.539 Thread 0x0000ffff5802d640 Exception <a 'java/lang/NoSuchMethodError'{0x00000000c2e672d8}: 'void java.lang.invoke.DirectMethodHandle$Holder.invokeVirtual(java.lang.Object, java.lang.Object, java.lang.Object, java.lang.Object, java.lang.Object)'> (0x00000000c2e672d8) 
thrown [src/hotspot/share/interpreter/linkResolver.cpp, line 772]
Event: 5.540 Thread 0x0000ffff5802d640 Exception <a 'java/lang/NoSuchMethodError'{0x00000000c2e6ae10}: 'void java.lang.invoke.DirectMethodHandle$Holder.invokeSpecial(java.lang.Object, java.lang.Object, java.lang.Object, java.lang.Object, java.lang.Object, java.lang.Object)'> (0x00000000c2e6ae10) 
thrown [src/hotspot/share/interpreter/linkResolver.cpp, line 772]
Event: 5.561 Thread 0x0000ffff5802d640 Exception <a 'java/lang/NoSuchMethodError'{0x00000000c2ec1900}: 'java.lang.Object java.lang.invoke.DirectMethodHandle$Holder.newInvokeSpecial(java.lang.Object, java.lang.Object, int, int)'> (0x00000000c2ec1900) 
thrown [src/hotspot/share/interpreter/linkResolver.cpp, line 772]
Event: 5.562 Thread 0x0000ffff5802d640 Exception <a 'java/lang/NoSuchMethodError'{0x00000000c2ec5758}: 'java.lang.Object java.lang.invoke.DirectMethodHandle$Holder.invokeSpecial(java.lang.Object, java.lang.Object, java.lang.Object, int, int)'> (0x00000000c2ec5758) 
thrown [src/hotspot/share/interpreter/linkResolver.cpp, line 772]
Event: 5.570 Thread 0x0000ffff5802d640 Exception <a 'java/lang/NoSuchMethodError'{0x00000000c2eee568}: 'void java.lang.invoke.DirectMethodHandle$Holder.invokeVirtual(java.lang.Object, java.lang.Object, java.lang.Object, java.lang.Object)'> (0x00000000c2eee568) 
thrown [src/hotspot/share/interpreter/linkResolver.cpp, line 772]
Event: 5.943 Thread 0x0000ffff5802d640 Implicit null exception at 0x0000ffff4aba1024 to 0x0000ffff4aba106c
Event: 6.022 Thread 0x0000ffff5802d640 Exception <a 'java/io/FileNotFoundException'{0x00000000c4e5a980}> (0x00000000c4e5a980) 
thrown [src/hotspot/share/prims/jni.cpp, line 520]
Event: 6.022 Thread 0x0000ffff5802d640 Exception <a 'java/io/FileNotFoundException'{0x00000000c4e5b818}> (0x00000000c4e5b818) 
thrown [src/hotspot/share/prims/jni.cpp, line 520]
Event: 6.023 Thread 0x0000ffff5802d640 Exception <a 'java/lang/NoSuchMethodError'{0x00000000c4e5dda8}: 'void java.lang.invoke.DirectMethodHandle$Holder.invokeVirtual(java.lang.Object, java.lang.Object, int)'> (0x00000000c4e5dda8) 
thrown [src/hotspot/share/interpreter/linkResolver.cpp, line 772]
Event: 6.024 Thread 0x0000ffff5802d640 Implicit null exception at 0x0000ffff4ace426c to 0x0000ffff4ace43bc
Event: 6.052 Thread 0x0000ffff5802d640 Exception <a 'java/lang/NoSuchMethodError'{0x00000000c4d8e370}: 'void java.lang.invoke.DirectMethodHandle$Holder.invokeStatic(java.lang.Object, java.lang.Object, java.lang.Object, int, java.lang.Object)'> (0x00000000c4d8e370) 
thrown [src/hotspot/share/interpreter/linkResolver.cpp, line 772]

ZGC Phase Switch (0 events):
No events

VM Operations (20 events):
Event: 5.405 Executing safepoint VM operation: ICBufferFull
Event: 5.405 Executing safepoint VM operation: ICBufferFull done
Event: 5.559 Executing safepoint VM operation: ICBufferFull
Event: 5.559 Executing safepoint VM operation: ICBufferFull done
Event: 5.716 Executing non-safepoint VM operation: HandshakeAllThreads (Deoptimize)
Event: 5.716 Executing non-safepoint VM operation: HandshakeAllThreads (Deoptimize) done
Event: 5.724 Executing safepoint VM operation: ICBufferFull
Event: 5.724 Executing safepoint VM operation: ICBufferFull done
Event: 5.838 Executing non-safepoint VM operation: HandshakeAllThreads (Deoptimize)
Event: 5.838 Executing non-safepoint VM operation: HandshakeAllThreads (Deoptimize) done
Event: 5.864 Executing non-safepoint VM operation: HandshakeAllThreads (Deoptimize)
Event: 5.864 Executing non-safepoint VM operation: HandshakeAllThreads (Deoptimize) done
Event: 5.865 Executing non-safepoint VM operation: HandshakeAllThreads (Deoptimize)
Event: 5.865 Executing non-safepoint VM operation: HandshakeAllThreads (Deoptimize) done
Event: 5.876 Executing safepoint VM operation: ICBufferFull
Event: 5.876 Executing safepoint VM operation: ICBufferFull done
Event: 5.996 Executing safepoint VM operation: ICBufferFull
Event: 5.996 Executing safepoint VM operation: ICBufferFull done
Event: 5.999 Executing safepoint VM operation: G1CollectForAllocation (G1 Evacuation Pause)
Event: 6.011 Executing safepoint VM operation: G1CollectForAllocation (G1 Evacuation Pause) done

Memory protections (20 events):
Event: 1.883 Protecting memory [0x0000fffee69d4000,0x0000fffee69e0000] with protection modes 0
Event: 2.221 Protecting memory [0x0000fffee67c4000,0x0000fffee67d0000] with protection modes 0
Event: 2.239 Protecting memory [0x0000fffee65b4000,0x0000fffee65c0000] with protection modes 0
Event: 2.239 Protecting memory [0x0000fffee63a4000,0x0000fffee63b0000] with protection modes 0
Event: 2.395 Protecting memory [0x0000fffee63a4000,0x0000fffee63b0000] with protection modes 0
Event: 2.557 Protecting memory [0x0000fffee65b4000,0x0000fffee65c0000] with protection modes 0
Event: 3.814 Protecting memory [0x0000fffee6194000,0x0000fffee61a0000] with protection modes 0
Event: 3.926 Protecting memory [0x0000fffee5f84000,0x0000fffee5f90000] with protection modes 0
Event: 4.170 Protecting memory [0x0000fffee5d74000,0x0000fffee5d80000] with protection modes 0
Event: 4.193 Protecting memory [0x0000fffee5b64000,0x0000fffee5b70000] with protection modes 0
Event: 4.193 Protecting memory [0x0000fffee5954000,0x0000fffee5960000] with protection modes 0
Event: 5.013 Protecting memory [0x0000ffff305d0000,0x0000ffff305dc000] with protection modes 0
Event: 5.018 Protecting memory [0x0000fffee5744000,0x0000fffee5750000] with protection modes 0
Event: 5.057 Protecting memory [0x0000fffee5534000,0x0000fffee5540000] with protection modes 0
Event: 5.648 Protecting memory [0x0000fffee5324000,0x0000fffee5330000] with protection modes 0
Event: 5.661 Protecting memory [0x0000fffee5114000,0x0000fffee5120000] with protection modes 0
Event: 5.662 Protecting memory [0x0000fffee4f04000,0x0000fffee4f10000] with protection modes 0
Event: 5.662 Protecting memory [0x0000fffee4cf4000,0x0000fffee4d00000] with protection modes 0
Event: 5.663 Protecting memory [0x0000fffee4ae4000,0x0000fffee4af0000] with protection modes 0
Event: 6.055 Protecting memory [0x0000fffee4ae4000,0x0000fffee4af0000] with protection modes 0

Nmethod flushes (20 events):
Event: 3.977 Thread 0x0000ffff58145f10 flushing  nmethod 0x0000ffff4324cc10
Event: 3.977 Thread 0x0000ffff58145f10 flushing  nmethod 0x0000ffff43265e10
Event: 3.977 Thread 0x0000ffff58145f10 flushing  nmethod 0x0000ffff4326c990
Event: 3.977 Thread 0x0000ffff58145f10 flushing  nmethod 0x0000ffff432c9e90
Event: 3.977 Thread 0x0000ffff58145f10 flushing  nmethod 0x0000ffff43311e90
Event: 3.977 Thread 0x0000ffff58145f10 flushing  nmethod 0x0000ffff43318d90
Event: 3.977 Thread 0x0000ffff58145f10 flushing  nmethod 0x0000ffff4332c610
Event: 3.977 Thread 0x0000ffff58145f10 flushing  nmethod 0x0000ffff43365910
Event: 3.977 Thread 0x0000ffff58145f10 flushing  nmethod 0x0000ffff4336b810
Event: 3.977 Thread 0x0000ffff58145f10 flushing  nmethod 0x0000ffff4336f090
Event: 3.977 Thread 0x0000ffff58145f10 flushing  nmethod 0x0000ffff43390890
Event: 3.977 Thread 0x0000ffff58145f10 flushing  nmethod 0x0000ffff43398d90
Event: 3.977 Thread 0x0000ffff58145f10 flushing  nmethod 0x0000ffff43399090
Event: 3.977 Thread 0x0000ffff58145f10 flushing  nmethod 0x0000ffff4339dc10
Event: 3.977 Thread 0x0000ffff58145f10 flushing  nmethod 0x0000ffff4339eb10
Event: 3.977 Thread 0x0000ffff58145f10 flushing  nmethod 0x0000ffff433a1010
Event: 3.977 Thread 0x0000ffff58145f10 flushing  nmethod 0x0000ffff433b3190
Event: 3.977 Thread 0x0000ffff58145f10 flushing  nmethod 0x0000ffff43400910
Event: 3.977 Thread 0x0000ffff58145f10 flushing  nmethod 0x0000ffff4347e790
Event: 3.977 Thread 0x0000ffff58145f10 flushing  nmethod 0x0000ffff4355f590

Events (20 events):
Event: 2.260 Thread 0x0000fffebc38c0a0 Thread exited: 0x0000fffebc38c0a0
Event: 2.395 Thread 0x0000ffff587083d0 Thread added: 0x0000fffec809e770
Event: 2.556 Thread 0x0000ffff5802d640 Thread added: 0x0000ffff58a83ec0
Event: 3.813 Thread 0x0000ffff5802d640 Thread added: 0x0000ffff58f6b780
Event: 3.926 Thread 0x0000ffff58f6b780 Thread added: 0x0000fffecc00f270
Event: 4.170 Thread 0x0000ffff5802d640 Thread added: 0x0000ffff587ed6b0
Event: 4.193 Thread 0x0000fffecc00f270 Thread added: 0x0000fffed8012280
Event: 4.193 Thread 0x0000fffecc00f270 Thread added: 0x0000fffed8012e20
Event: 4.394 Thread 0x0000ffff000c0e80 Thread exited: 0x0000ffff000c0e80
Event: 5.013 Thread 0x0000ffff5802d640 Thread added: 0x0000ffff58819920
Event: 5.018 Thread 0x0000ffff5802d640 Thread added: 0x0000ffff5881ced0
Event: 5.057 Thread 0x0000ffff5819da90 Thread added: 0x0000ffff0447a0d0
Event: 5.648 Thread 0x0000fffed8012e20 Thread added: 0x0000fffee0003bd0
Event: 5.661 Thread 0x0000ffff58187de0 Thread added: 0x0000ffff14001010
Event: 5.662 Thread 0x0000ffff14001010 Thread added: 0x0000fffefc001fd0
Event: 5.662 Thread 0x0000ffff14001010 Thread added: 0x0000fffefc003270
Event: 5.663 Thread 0x0000ffff14001010 Thread added: 0x0000fffefc004860
Event: 5.663 Thread 0x0000fffefc001fd0 Thread exited: 0x0000fffefc001fd0
Event: 5.664 Thread 0x0000fffefc004860 Thread exited: 0x0000fffefc004860
Event: 6.055 Thread 0x0000ffff5802d640 Thread added: 0x0000ffff58c26650


Dynamic libraries:
c0000000-c4400000 rw-p 00000000 00:00 0 
c4400000-c4d00000 ---p 00000000 00:00 0 
c4d00000-c4f00000 rw-p 00000000 00:00 0 
c4f00000-100000000 ---p 00000000 00:00 0 
100000000-100020000 rw-p 00000000 00:00 0 
100020000-100040000 rw-p 00000000 00:00 0 
100040000-1000c0000 rw-p 00000000 00:00 0 
1000c0000-1000e0000 rw-p 00000000 00:00 0 
1000e0000-100140000 rw-p 00000000 00:00 0 
100140000-100180000 rw-p 00000000 00:00 0 
100180000-1001c0000 rw-p 00000000 00:00 0 
1001c0000-100200000 rw-p 00000000 00:00 0 
100200000-100300000 rw-p 00000000 00:00 0 
100300000-1004f0000 rw-p 00000000 00:00 0 
1004f0000-100500000 ---p 00000000 00:00 0 
100500000-100580000 rw-p 00000000 00:00 0 
100580000-140000000 ---p 00000000 00:00 0 
aaaae11e0000-aaaae11e4000 r-xp 00000000 b3:02 521576                     /opt/dbeaver/jre/bin/java
aaaae11fc000-aaaae1200000 r--p 0000c000 b3:02 521576                     /opt/dbeaver/jre/bin/java
aaaae1200000-aaaae1204000 rw-p 00010000 b3:02 521576                     /opt/dbeaver/jre/bin/java
aaaaf4994000-aaaaf49e0000 rw-p 00000000 00:00 0                          [heap]
fffebc000000-fffebc390000 rw-p 00000000 00:00 0 
fffebc390000-fffec0000000 ---p 00000000 00:00 0 
fffec0000000-fffec0024000 rw-p 00000000 00:00 0 
fffec0024000-fffec4000000 ---p 00000000 00:00 0 
fffec4000000-fffec4024000 rw-p 00000000 00:00 0 
fffec4024000-fffec8000000 ---p 00000000 00:00 0 
fffec8000000-fffec8100000 rw-p 00000000 00:00 0 
fffec8100000-fffecc000000 ---p 00000000 00:00 0 
fffecc000000-fffecc024000 rw-p 00000000 00:00 0 
fffecc024000-fffed0000000 ---p 00000000 00:00 0 
fffed0000000-fffed003c000 rw-p 00000000 00:00 0 
fffed003c000-fffed4000000 ---p 00000000 00:00 0 
fffed4000000-fffed4c58000 rw-p 00000000 00:00 0 
fffed4c58000-fffed8000000 ---p 00000000 00:00 0 
fffed8000000-fffed8024000 rw-p 00000000 00:00 0 
fffed8024000-fffedc000000 ---p 00000000 00:00 0 
fffedc000000-fffedc024000 rw-p 00000000 00:00 0 
fffedc024000-fffee0000000 ---p 00000000 00:00 0 
fffee0000000-fffee0024000 rw-p 00000000 00:00 0 
fffee0024000-fffee4000000 ---p 00000000 00:00 0 
fffee4604000-fffee4ad4000 rw-p 00000000 00:00 0 
fffee4ad4000-fffee4ae4000 ---p 00000000 00:00 0 
fffee4ae4000-fffee4af0000 ---p 00000000 00:00 0 
fffee4af0000-fffee4ce4000 rw-p 00000000 00:00 0 
fffee4ce4000-fffee4cf4000 ---p 00000000 00:00 0 
fffee4cf4000-fffee4d00000 ---p 00000000 00:00 0 
fffee4d00000-fffee4ef4000 rw-p 00000000 00:00 0 
fffee4ef4000-fffee4f04000 ---p 00000000 00:00 0 
fffee4f04000-fffee4f10000 ---p 00000000 00:00 0 
fffee4f10000-fffee5104000 rw-p 00000000 00:00 0 
fffee5104000-fffee5114000 ---p 00000000 00:00 0 
fffee5114000-fffee5120000 ---p 00000000 00:00 0 
fffee5120000-fffee5314000 rw-p 00000000 00:00 0 
fffee5314000-fffee5324000 ---p 00000000 00:00 0 
fffee5324000-fffee5330000 ---p 00000000 00:00 0 
fffee5330000-fffee5524000 rw-p 00000000 00:00 0 
fffee5524000-fffee5534000 ---p 00000000 00:00 0 
fffee5534000-fffee5540000 ---p 00000000 00:00 0 
fffee5540000-fffee5734000 rw-p 00000000 00:00 0 
fffee5734000-fffee5744000 ---p 00000000 00:00 0 
fffee5744000-fffee5750000 ---p 00000000 00:00 0 
fffee5750000-fffee5944000 rw-p 00000000 00:00 0 
fffee5944000-fffee5954000 ---p 00000000 00:00 0 
fffee5954000-fffee5960000 ---p 00000000 00:00 0 
fffee5960000-fffee5b54000 rw-p 00000000 00:00 0 
fffee5b54000-fffee5b64000 ---p 00000000 00:00 0 
fffee5b64000-fffee5b70000 ---p 00000000 00:00 0 
fffee5b70000-fffee5d64000 rw-p 00000000 00:00 0 
fffee5d64000-fffee5d74000 ---p 00000000 00:00 0 
fffee5d74000-fffee5d80000 ---p 00000000 00:00 0 
fffee5d80000-fffee5f74000 rw-p 00000000 00:00 0 
fffee5f74000-fffee5f84000 ---p 00000000 00:00 0 
fffee5f84000-fffee5f90000 ---p 00000000 00:00 0 
fffee5f90000-fffee6184000 rw-p 00000000 00:00 0 
fffee6184000-fffee6194000 ---p 00000000 00:00 0 
fffee6194000-fffee61a0000 ---p 00000000 00:00 0 
fffee61a0000-fffee6394000 rw-p 00000000 00:00 0 
fffee6394000-fffee63a4000 ---p 00000000 00:00 0 
fffee63a4000-fffee63b0000 ---p 00000000 00:00 0 
fffee63b0000-fffee65a4000 rw-p 00000000 00:00 0 
fffee65a4000-fffee65b4000 ---p 00000000 00:00 0 
fffee65b4000-fffee65c0000 ---p 00000000 00:00 0 
fffee65c0000-fffee67b4000 rw-p 00000000 00:00 0 
fffee67b4000-fffee67c4000 ---p 00000000 00:00 0 
fffee67c4000-fffee67d0000 ---p 00000000 00:00 0 
fffee67d0000-fffee69c4000 rw-p 00000000 00:00 0 
fffee69c4000-fffee69d4000 ---p 00000000 00:00 0 
fffee69d4000-fffee69e0000 ---p 00000000 00:00 0 
fffee69e0000-fffee6bd4000 rw-p 00000000 00:00 0 
fffee6bd4000-fffee6be4000 ---p 00000000 00:00 0 
fffee6be4000-fffee6bf0000 ---p 00000000 00:00 0 
fffee6bf0000-fffee6de4000 rw-p 00000000 00:00 0 
fffee6fb0000-fffee6fc0000 ---p 00000000 00:00 0 
fffee6fc0000-fffee6fcc000 ---p 00000000 00:00 0 
fffee6fcc000-fffee71c0000 rw-p 00000000 00:00 0 
fffee71c0000-fffee71d0000 ---p 00000000 00:00 0 
fffee71d0000-fffee71dc000 ---p 00000000 00:00 0 
fffee71dc000-fffee73d0000 rw-p 00000000 00:00 0 
fffee73d0000-fffee73e0000 ---p 00000000 00:00 0 
fffee73e0000-fffee73ec000 ---p 00000000 00:00 0 
fffee73ec000-fffee75e0000 rw-p 00000000 00:00 0 
fffee75e0000-fffee75f0000 ---p 00000000 00:00 0 
fffee75f0000-fffee77f0000 rw-p 00000000 00:00 0 
fffee77f0000-fffee7800000 ---p 00000000 00:00 0 
fffee7800000-fffee8000000 rw-p 00000000 00:00 0 
fffee8000000-fffee8024000 rw-p 00000000 00:00 0 
fffee8024000-fffeec000000 ---p 00000000 00:00 0 
fffeec000000-fffeec024000 rw-p 00000000 00:00 0 
fffeec024000-fffef0000000 ---p 00000000 00:00 0 
fffef0000000-fffef008c000 rw-p 00000000 00:00 0 
fffef008c000-fffef4000000 ---p 00000000 00:00 0 
fffef4000000-fffef4748000 rw-p 00000000 00:00 0 
fffef4748000-fffef8000000 ---p 00000000 00:00 0 
fffef8000000-fffef8024000 rw-p 00000000 00:00 0 
fffef8024000-fffefc000000 ---p 00000000 00:00 0 
fffefc000000-fffefc024000 rw-p 00000000 00:00 0 
fffefc024000-ffff00000000 ---p 00000000 00:00 0 
ffff00000000-ffff00d74000 rw-p 00000000 00:00 0 
ffff00d74000-ffff04000000 ---p 00000000 00:00 0 
ffff04000000-ffff04870000 rw-p 00000000 00:00 0 
ffff04870000-ffff08000000 ---p 00000000 00:00 0 
ffff08000000-ffff08024000 rw-p 00000000 00:00 0 
ffff08024000-ffff0c000000 ---p 00000000 00:00 0 
ffff0c000000-ffff0c024000 rw-p 00000000 00:00 0 
ffff0c024000-ffff10000000 ---p 00000000 00:00 0 
ffff10000000-ffff10024000 rw-p 00000000 00:00 0 
ffff10024000-ffff14000000 ---p 00000000 00:00 0 
ffff14000000-ffff14024000 rw-p 00000000 00:00 0 
ffff14024000-ffff18000000 ---p 00000000 00:00 0 
ffff18000000-ffff18024000 rw-p 00000000 00:00 0 
ffff18024000-ffff1c000000 ---p 00000000 00:00 0 
ffff1c000000-ffff1c024000 rw-p 00000000 00:00 0 
ffff1c024000-ffff20000000 ---p 00000000 00:00 0 
ffff20000000-ffff20420000 rw-p 00000000 00:00 0 
ffff20420000-ffff20440000 rw-p 00000000 00:00 0 
ffff20440000-ffff20480000 rw-p 00000000 00:00 0 
ffff20480000-ffff20500000 rw-p 00000000 00:00 0 
ffff20500000-ffff20700000 rw-p 00000000 00:00 0 
ffff20700000-ffff20720000 rw-p 00000000 00:00 0 
ffff20720000-ffff20740000 rw-p 00000000 00:00 0 
ffff20740000-ffff20780000 rw-p 00000000 00:00 0 
ffff20780000-ffff20900000 rw-p 00000000 00:00 0 
ffff20900000-ffff20a00000 rw-p 00000000 00:00 0 
ffff20a00000-ffff20b00000 rw-p 00000000 00:00 0 
ffff20b00000-ffff20c00000 rw-p 00000000 00:00 0 
ffff20c00000-ffff20d80000 rw-p 00000000 00:00 0 
ffff20d80000-ffff20e00000 rw-p 00000000 00:00 0 
ffff20e00000-ffff20f00000 rw-p 00000000 00:00 0 
ffff20f00000-ffff21000000 rw-p 00000000 00:00 0 
ffff21000000-ffff21100000 rw-p 00000000 00:00 0 
ffff21100000-ffff21200000 rw-p 00000000 00:00 0 
ffff21200000-ffff21500000 rw-p 00000000 00:00 0 
ffff21500000-ffff21600000 rw-p 00000000 00:00 0 
ffff21600000-ffff21900000 rw-p 00000000 00:00 0 
ffff21900000-ffff21a00000 rw-p 00000000 00:00 0 
ffff21a00000-ffff22000000 rw-p 00000000 00:00 0 
ffff22000000-ffff22100000 rw-p 00000000 00:00 0 
ffff22100000-ffff22200000 rw-p 00000000 00:00 0 
ffff22200000-ffff22700000 rw-p 00000000 00:00 0 
ffff22700000-ffff22720000 rw-p 00000000 00:00 0 
ffff22720000-ffff22800000 ---p 00000000 00:00 0 
ffff22800000-ffff228e0000 rw-p 00000000 00:00 0 
ffff228e0000-ffff24000000 ---p 00000000 00:00 0 
ffff24000000-ffff24024000 rw-p 00000000 00:00 0 
ffff24024000-ffff28000000 ---p 00000000 00:00 0 
ffff28000000-ffff28024000 rw-p 00000000 00:00 0 
ffff28024000-ffff2c000000 ---p 00000000 00:00 0 
ffff2c000000-ffff2c024000 rw-p 00000000 00:00 0 
ffff2c024000-ffff30000000 ---p 00000000 00:00 0 
ffff30140000-ffff30144000 r-xp 00000000 b3:02 287962                     /usr/lib/gtk-3.0/3.0.0/immodules/im-wayland.so
ffff30144000-ffff3015c000 ---p 00004000 b3:02 287962                     /usr/lib/gtk-3.0/3.0.0/immodules/im-wayland.so
ffff3015c000-ffff30160000 r--p 0000c000 b3:02 287962                     /usr/lib/gtk-3.0/3.0.0/immodules/im-wayland.so
ffff30160000-ffff30164000 rw-p 00010000 b3:02 287962                     /usr/lib/gtk-3.0/3.0.0/immodules/im-wayland.so
ffff30170000-ffff3017c000 r-xp 00000000 b3:02 522411                     /opt/dbeaver/configuration/org.eclipse.osgi/153/0/.cp/libswt-cairo-gtk-4972r7.so
ffff3017c000-ffff3018c000 ---p 0000c000 b3:02 522411                     /opt/dbeaver/configuration/org.eclipse.osgi/153/0/.cp/libswt-cairo-gtk-4972r7.so
ffff3018c000-ffff30190000 r--p 0000c000 b3:02 522411                     /opt/dbeaver/configuration/org.eclipse.osgi/153/0/.cp/libswt-cairo-gtk-4972r7.so
ffff30190000-ffff30194000 rw-p 00010000 b3:02 522411                     /opt/dbeaver/configuration/org.eclipse.osgi/153/0/.cp/libswt-cairo-gtk-4972r7.so
ffff301a0000-ffff301b0000 ---p 00000000 00:00 0 
ffff301b0000-ffff303b0000 rw-p 00000000 00:00 0 
ffff303b0000-ffff303c0000 ---p 00000000 00:00 0 
ffff303c0000-ffff305c0000 rw-p 00000000 00:00 0 
ffff305c0000-ffff305d0000 ---p 00000000 00:00 0 
ffff305d0000-ffff305dc000 ---p 00000000 00:00 0 
ffff305dc000-ffff307d0000 rw-p 00000000 00:00 0 
ffff307d0000-ffff307e0000 ---p 00000000 00:00 0 
ffff307e0000-ffff30fe0000 rw-p 00000000 00:00 0 
ffff30fe0000-ffff30ff0000 ---p 00000000 00:00 0 
ffff30ff0000-ffff317f0000 rw-p 00000000 00:00 0 
ffff317f0000-ffff31800000 ---p 00000000 00:00 0 
ffff31800000-ffff32000000 rw-p 00000000 00:00 0 
ffff32000000-ffff34024000 rw-p 00000000 00:00 0 
ffff34024000-ffff38000000 ---p 00000000 00:00 0 
ffff38000000-ffff38024000 rw-p 00000000 00:00 0 
ffff38024000-ffff3c000000 ---p 00000000 00:00 0 
ffff3c000000-ffff3c024000 rw-p 00000000 00:00 0 
ffff3c024000-ffff40000000 ---p 00000000 00:00 0 
ffff40030000-ffff40034000 r-xp 00000000 b3:02 521547                     /opt/dbeaver/jre/lib/libjaas.so
ffff40034000-ffff4004c000 ---p 00004000 b3:02 521547                     /opt/dbeaver/jre/lib/libjaas.so
ffff4004c000-ffff40050000 r--p 0000c000 b3:02 521547                     /opt/dbeaver/jre/lib/libjaas.so
ffff40050000-ffff40054000 rw-p 00010000 b3:02 521547                     /opt/dbeaver/jre/lib/libjaas.so
ffff40060000-ffff40064000 r-xp 00000000 b3:02 522397                     /opt/dbeaver/configuration/org.eclipse.osgi/50/0/.cp/os/linux/aarch64/libunixfile_1_0_0.so
ffff40064000-ffff40070000 ---p 00004000 b3:02 522397                     /opt/dbeaver/configuration/org.eclipse.osgi/50/0/.cp/os/linux/aarch64/libunixfile_1_0_0.so
ffff40070000-ffff40074000 rw-p 00000000 b3:02 522397                     /opt/dbeaver/configuration/org.eclipse.osgi/50/0/.cp/os/linux/aarch64/libunixfile_1_0_0.so
ffff40080000-ffff4008c000 r-xp 00000000 b3:02 521565                     /opt/dbeaver/jre/lib/libverify.so
ffff4008c000-ffff4009c000 ---p 0000c000 b3:02 521565                     /opt/dbeaver/jre/lib/libverify.so
ffff4009c000-ffff400a0000 r--p 0000c000 b3:02 521565                     /opt/dbeaver/jre/lib/libverify.so
ffff400a0000-ffff400a4000 rw-p 00010000 b3:02 521565                     /opt/dbeaver/jre/lib/libverify.so
ffff400b0000-ffff40128000 r-xp 00000000 b3:02 522375                     /opt/dbeaver/configuration/org.eclipse.osgi/153/0/.cp/libswt-pi3-gtk-4972r7.so
ffff40128000-ffff4013c000 ---p 00078000 b3:02 522375                     /opt/dbeaver/configuration/org.eclipse.osgi/153/0/.cp/libswt-pi3-gtk-4972r7.so
ffff4013c000-ffff40140000 r--p 0007c000 b3:02 522375                     /opt/dbeaver/configuration/org.eclipse.osgi/153/0/.cp/libswt-pi3-gtk-4972r7.so
ffff40140000-ffff40144000 rw-p 00080000 b3:02 522375                     /opt/dbeaver/configuration/org.eclipse.osgi/153/0/.cp/libswt-pi3-gtk-4972r7.so
ffff40150000-ffff40160000 ---p 00000000 00:00 0 
ffff40160000-ffff40960000 rw-p 00000000 00:00 0 
ffff40960000-ffff40970000 ---p 00000000 00:00 0 
ffff40970000-ffff41170000 rw-p 00000000 00:00 0 
ffff41170000-ffff42fd4000 r-xp 00000000 b3:02 9057                       /usr/lib/libicudata.so.76.1
ffff42fd4000-ffff42fec000 ---p 01e64000 b3:02 9057                       /usr/lib/libicudata.so.76.1
ffff42fec000-ffff42ff0000 r--p 01e6c000 b3:02 9057                       /usr/lib/libicudata.so.76.1
ffff42ff0000-ffff42ff4000 rw-p 01e70000 b3:02 9057                       /usr/lib/libicudata.so.76.1
ffff43000000-ffff43a40000 rwxp 00000000 00:00 0 
ffff43a40000-ffff4a534000 ---p 00000000 00:00 0 
ffff4a534000-ffff4a7a4000 rwxp 00000000 00:00 0 
ffff4a7a4000-ffff4aac8000 ---p 00000000 00:00 0 
ffff4aac8000-ffff4ad38000 rwxp 00000000 00:00 0 
ffff4ad38000-ffff52000000 ---p 00000000 00:00 0 
ffff52000000-ffff5623c000 r--s 00000000 b3:02 521567                     /opt/dbeaver/jre/lib/modules
ffff56250000-ffff56254000 r-xp 00000000 b3:02 8985                       /usr/lib/libgthread-2.0.so.0.8400.4
ffff56254000-ffff5626c000 ---p 00004000 b3:02 8985                       /usr/lib/libgthread-2.0.so.0.8400.4
ffff5626c000-ffff56270000 r--p 0000c000 b3:02 8985                       /usr/lib/libgthread-2.0.so.0.8400.4
ffff56270000-ffff56274000 rw-p 00010000 b3:02 8985                       /usr/lib/libgthread-2.0.so.0.8400.4
ffff56280000-ffff56318000 r-xp 00000000 b3:02 522374                     /opt/dbeaver/configuration/org.eclipse.osgi/153/0/.cp/libswt-gtk-4972r7.so
ffff56318000-ffff5632c000 ---p 00098000 b3:02 522374                     /opt/dbeaver/configuration/org.eclipse.osgi/153/0/.cp/libswt-gtk-4972r7.so
ffff5632c000-ffff56330000 r--p 0009c000 b3:02 522374                     /opt/dbeaver/configuration/org.eclipse.osgi/153/0/.cp/libswt-gtk-4972r7.so
ffff56330000-ffff56338000 rw-p 000a0000 b3:02 522374                     /opt/dbeaver/configuration/org.eclipse.osgi/153/0/.cp/libswt-gtk-4972r7.so
ffff56338000-ffff5633c000 rw-p 00000000 00:00 0 
ffff56340000-ffff56418000 r--p 00000000 b3:02 282998                     /usr/share/fonts/Adwaita/AdwaitaSans-Regular.ttf
ffff56418000-ffff564f0000 r--p 00000000 b3:02 282998                     /usr/share/fonts/Adwaita/AdwaitaSans-Regular.ttf
ffff56540000-ffff56544000 r-xp 00000000 b3:02 521542                     /opt/dbeaver/jre/lib/libextnet.so
ffff56544000-ffff5655c000 ---p 00004000 b3:02 521542                     /opt/dbeaver/jre/lib/libextnet.so
ffff5655c000-ffff56560000 r--p 0000c000 b3:02 521542                     /opt/dbeaver/jre/lib/libextnet.so
ffff56560000-ffff56564000 rw-p 00010000 b3:02 521542                     /opt/dbeaver/jre/lib/libextnet.so
ffff56574000-ffff565a0000 r--s 00000000 b3:02 91806                      /usr/share/mime/mime.cache
ffff565a0000-ffff56630000 rw-s 00000000 00:01 1398                       /memfd:wayland-cursor (deleted)
ffff56630000-ffff56644000 r-xp 00000000 b3:02 98932                      /usr/lib/gio/modules/libdconfsettings.so
ffff56644000-ffff5665c000 ---p 00014000 b3:02 98932                      /usr/lib/gio/modules/libdconfsettings.so
ffff5665c000-ffff56660000 r--p 0001c000 b3:02 98932                      /usr/lib/gio/modules/libdconfsettings.so
ffff56660000-ffff56664000 rw-p 00020000 b3:02 98932                      /usr/lib/gio/modules/libdconfsettings.so
ffff56670000-ffff56900000 r-xp 00000000 b3:02 10607                      /usr/lib/libstdc++.so.6.0.33
ffff56900000-ffff56910000 r--p 00290000 b3:02 10607                      /usr/lib/libstdc++.so.6.0.33
ffff56910000-ffff56914000 rw-p 002a0000 b3:02 10607                      /usr/lib/libstdc++.so.6.0.33
ffff56914000-ffff56918000 rw-p 00000000 00:00 0 
ffff56920000-ffff5692c000 r-xp 00000000 b3:02 8311                       /usr/lib/libcap.so.2.76
ffff5692c000-ffff5693c000 ---p 0000c000 b3:02 8311                       /usr/lib/libcap.so.2.76
ffff5693c000-ffff56940000 r--p 0000c000 b3:02 8311                       /usr/lib/libcap.so.2.76
ffff56940000-ffff56944000 rw-p 00010000 b3:02 8311                       /usr/lib/libcap.so.2.76
ffff56950000-ffff56b7c000 r-xp 00000000 b3:02 10563                      /usr/lib/libicuuc.so.76.1
ffff56b7c000-ffff56b88000 ---p 0022c000 b3:02 10563                      /usr/lib/libicuuc.so.76.1
ffff56b88000-ffff56ba0000 r--p 00238000 b3:02 10563                      /usr/lib/libicuuc.so.76.1
ffff56ba0000-ffff56ba4000 rw-p 00250000 b3:02 10563                      /usr/lib/libicuuc.so.76.1
ffff56bb0000-ffff56d24000 r-xp 00000000 b3:02 8354                       /usr/lib/libsystemd.so.0.40.0
ffff56d24000-ffff56d30000 ---p 00174000 b3:02 8354                       /usr/lib/libsystemd.so.0.40.0
ffff56d30000-ffff56d40000 r--p 00180000 b3:02 8354                       /usr/lib/libsystemd.so.0.40.0
ffff56d40000-ffff56d44000 rw-p 00190000 b3:02 8354                       /usr/lib/libsystemd.so.0.40.0
ffff56d50000-ffff56eb8000 r-xp 00000000 b3:02 10588                      /usr/lib/libsqlite3.so.3.50.4
ffff56eb8000-ffff56ecc000 ---p 00168000 b3:02 10588                      /usr/lib/libsqlite3.so.3.50.4
ffff56ecc000-ffff56ed0000 r--p 0016c000 b3:02 10588                      /usr/lib/libsqlite3.so.3.50.4
ffff56ed0000-ffff56ed8000 rw-p 00170000 b3:02 10588                      /usr/lib/libsqlite3.so.3.50.4
ffff56ee0000-ffff5702c000 r-xp 00000000 b3:02 8314                       /usr/lib/libxml2.so.16.0.5
ffff5702c000-ffff57034000 ---p 0014c000 b3:02 8314                       /usr/lib/libxml2.so.16.0.5
ffff57034000-ffff57040000 r--p 00154000 b3:02 8314                       /usr/lib/libxml2.so.16.0.5
ffff57040000-ffff57044000 rw-p 00160000 b3:02 8314                       /usr/lib/libxml2.so.16.0.5
ffff57050000-ffff57080000 r-xp 00000000 b3:02 97469                      /usr/lib/libjson-glib-1.0.so.0.1000.6
ffff57080000-ffff5708c000 ---p 00030000 b3:02 97469                      /usr/lib/libjson-glib-1.0.so.0.1000.6
ffff5708c000-ffff57090000 r--p 0002c000 b3:02 97469                      /usr/lib/libjson-glib-1.0.so.0.1000.6
ffff57090000-ffff57094000 rw-p 00030000 b3:02 97469                      /usr/lib/libjson-glib-1.0.so.0.1000.6
ffff570a0000-ffff57104000 r-xp 00000000 b3:02 8282                       /usr/lib/libdbus-1.so.3.38.3
ffff57104000-ffff5711c000 ---p 00064000 b3:02 8282                       /usr/lib/libdbus-1.so.3.38.3
ffff5711c000-ffff57120000 r--p 0006c000 b3:02 8282                       /usr/lib/libdbus-1.so.3.38.3
ffff57120000-ffff57124000 rw-p 00070000 b3:02 8282                       /usr/lib/libdbus-1.so.3.38.3
ffff57130000-ffff57170000 r-xp 00000000 b3:02 99072                      /usr/lib/libatspi.so.0.0.1
ffff57170000-ffff5717c000 ---p 00040000 b3:02 99072                      /usr/lib/libatspi.so.0.0.1
ffff5717c000-ffff57180000 r--p 0004c000 b3:02 99072                      /usr/lib/libatspi.so.0.0.1
ffff57180000-ffff57184000 rw-p 00050000 b3:02 99072                      /usr/lib/libatspi.so.0.0.1
ffff57190000-ffff57270000 r-xp 00000000 b3:02 99535                      /usr/lib/libtinysparql-3.0.so.0.902.0
ffff57270000-ffff57280000 r--p 000e0000 b3:02 99535                      /usr/lib/libtinysparql-3.0.so.0.902.0
ffff57280000-ffff57284000 rw-p 000f0000 b3:02 99535                      /usr/lib/libtinysparql-3.0.so.0.902.0
ffff57290000-ffff572a8000 r-xp 00000000 b3:02 99327                      /usr/lib/libcloudproviders.so.0.3.6
ffff572a8000-ffff572bc000 ---p 00018000 b3:02 99327                      /usr/lib/libcloudproviders.so.0.3.6
ffff572bc000-ffff572c0000 r--p 0001c000 b3:02 99327                      /usr/lib/libcloudproviders.so.0.3.6
ffff572c0000-ffff572c4000 rw-p 00020000 b3:02 99327                      /usr/lib/libcloudproviders.so.0.3.6
ffff572d0000-ffff57310000 r-xp 00000000 b3:02 99069                      /usr/lib/libatk-bridge-2.0.so.0.0.0
ffff57310000-ffff5731c000 ---p 00040000 b3:02 99069                      /usr/lib/libatk-bridge-2.0.so.0.0.0
ffff5731c000-ffff57320000 r--p 0003c000 b3:02 99069                      /usr/lib/libatk-bridge-2.0.so.0.0.0
ffff57320000-ffff57324000 rw-p 00040000 b3:02 99069                      /usr/lib/libatk-bridge-2.0.so.0.0.0
ffff57330000-ffff5735c000 r-xp 00000000 b3:02 99066                      /usr/lib/libatk-1.0.so.0.25613.1
ffff5735c000-ffff5736c000 ---p 0002c000 b3:02 99066                      /usr/lib/libatk-1.0.so.0.25613.1
ffff5736c000-ffff57370000 r--p 0002c000 b3:02 99066                      /usr/lib/libatk-1.0.so.0.25613.1
ffff57370000-ffff57374000 rw-p 00030000 b3:02 99066                      /usr/lib/libatk-1.0.so.0.25613.1
ffff57380000-ffff57b8c000 r-xp 00000000 b3:02 99651                      /usr/lib/libgtk-3.so.0.2418.32
ffff57b8c000-ffff57b94000 ---p 0080c000 b3:02 99651                      /usr/lib/libgtk-3.so.0.2418.32
ffff57b94000-ffff57bb0000 r--p 00814000 b3:02 99651                      /usr/lib/libgtk-3.so.0.2418.32
ffff57bb0000-ffff57bb4000 rw-p 00830000 b3:02 99651                      /usr/lib/libgtk-3.so.0.2418.32
ffff57bb4000-ffff57bb8000 rw-p 00000000 00:00 0 
ffff57bc0000-ffff57be4000 r-xp 00000000 b3:02 8105                       /usr/lib/libbrotlicommon.so.1.1.0
ffff57be4000-ffff57bfc000 ---p 00024000 b3:02 8105                       /usr/lib/libbrotlicommon.so.1.1.0
ffff57bfc000-ffff57c00000 r--p 0002c000 b3:02 8105                       /usr/lib/libbrotlicommon.so.1.1.0
ffff57c00000-ffff57c04000 rw-p 00030000 b3:02 8105                       /usr/lib/libbrotlicommon.so.1.1.0
ffff57c10000-ffff57c68000 r-xp 00000000 b3:02 8244                       /usr/lib/libblkid.so.1.1.0
ffff57c68000-ffff57c78000 ---p 00058000 b3:02 8244                       /usr/lib/libblkid.so.1.1.0
ffff57c78000-ffff57c80000 r--p 00058000 b3:02 8244                       /usr/lib/libblkid.so.1.1.0
ffff57c80000-ffff57c84000 rw-p 00060000 b3:02 8244                       /usr/lib/libblkid.so.1.1.0
ffff57c90000-ffff57cb4000 r-xp 00000000 b3:02 10675                      /usr/lib/libgraphite2.so.3.2.1
ffff57cb4000-ffff57ccc000 ---p 00024000 b3:02 10675                      /usr/lib/libgraphite2.so.3.2.1
ffff57ccc000-ffff57cd0000 r--p 0002c000 b3:02 10675                      /usr/lib/libgraphite2.so.3.2.1
ffff57cd0000-ffff57cd4000 rw-p 00030000 b3:02 10675                      /usr/lib/libgraphite2.so.3.2.1
ffff57ce0000-ffff57ce8000 r-xp 00000000 b3:02 10834                      /usr/lib/libdatrie.so.1.4.0
ffff57ce8000-ffff57cf8000 ---p 00008000 b3:02 10834                      /usr/lib/libdatrie.so.1.4.0
ffff57cf8000-ffff57cfc000 rw-p 00008000 b3:02 10834                      /usr/lib/libdatrie.so.1.4.0
ffff57d00000-ffff57d08000 r-xp 00000000 b3:02 10693                      /usr/lib/libXdmcp.so.6.0.0
ffff57d08000-ffff57d1c000 ---p 00008000 b3:02 10693                      /usr/lib/libXdmcp.so.6.0.0
ffff57d1c000-ffff57d20000 r--p 0000c000 b3:02 10693                      /usr/lib/libXdmcp.so.6.0.0
ffff57d20000-ffff57d24000 rw-p 00010000 b3:02 10693                      /usr/lib/libXdmcp.so.6.0.0
ffff57d30000-ffff57d34000 r-xp 00000000 b3:02 10696                      /usr/lib/libXau.so.6.0.0
ffff57d34000-ffff57d4c000 ---p 00004000 b3:02 10696                      /usr/lib/libXau.so.6.0.0
ffff57d4c000-ffff57d50000 r--p 0000c000 b3:02 10696                      /usr/lib/libXau.so.6.0.0
ffff57d50000-ffff57d54000 rw-p 00010000 b3:02 10696                      /usr/lib/libXau.so.6.0.0
ffff57d60000-ffff57d6c000 r-xp 00000000 b3:02 8108                       /usr/lib/libbrotlidec.so.1.1.0
ffff57d6c000-ffff57d7c000 ---p 0000c000 b3:02 8108                       /usr/lib/libbrotlidec.so.1.1.0
ffff57d7c000-ffff57d80000 r--p 0000c000 b3:02 8108                       /usr/lib/libbrotlidec.so.1.1.0
ffff57d80000-ffff57d84000 rw-p 00010000 b3:02 8108                       /usr/lib/libbrotlidec.so.1.1.0
ffff57d90000-ffff57da0000 r-xp 00000000 b3:02 8308                       /usr/lib/libbz2.so.1.0.8
ffff57da0000-ffff57dac000 ---p 00010000 b3:02 8308                       /usr/lib/libbz2.so.1.0.8
ffff57dac000-ffff57db0000 r--p 0000c000 b3:02 8308                       /usr/lib/libbz2.so.1.0.8
ffff57db0000-ffff57db4000 rw-p 00010000 b3:02 8308                       /usr/lib/libbz2.so.1.0.8
ffff57dc0000-ffff57dcc000 r-xp 00000000 b3:02 10251                      /usr/lib/libjbig.so.2.1
ffff57dcc000-ffff57dd8000 ---p 0000c000 b3:02 10251                      /usr/lib/libjbig.so.2.1
ffff57dd8000-ffff57ddc000 rw-p 00008000 b3:02 10251                      /usr/lib/libjbig.so.2.1
ffff57de0000-ffff57e10000 r-xp 00000000 b3:02 8423                       /usr/lib/liblzma.so.5.8.1
ffff57e10000-ffff57e1c000 ---p 00030000 b3:02 8423                       /usr/lib/liblzma.so.5.8.1
ffff57e1c000-ffff57e20000 r--p 0002c000 b3:02 8423                       /usr/lib/liblzma.so.5.8.1
ffff57e20000-ffff57e24000 rw-p 00030000 b3:02 8423                       /usr/lib/liblzma.so.5.8.1
ffff57e30000-ffff57ef8000 r-xp 00000000 b3:02 8296                       /usr/lib/libzstd.so.1.5.7
ffff57ef8000-ffff57f0c000 ---p 000c8000 b3:02 8296                       /usr/lib/libzstd.so.1.5.7
ffff57f0c000-ffff57f10000 r--p 000cc000 b3:02 8296                       /usr/lib/libzstd.so.1.5.7
ffff57f10000-ffff57f14000 rw-p 000d0000 b3:02 8296                       /usr/lib/libzstd.so.1.5.7
ffff57f20000-ffff57f40000 r-xp 00000000 b3:02 10849                      /usr/lib/libpangoft2-1.0.so.0.5600.4
ffff57f40000-ffff57f4c000 ---p 00020000 b3:02 10849                      /usr/lib/libpangoft2-1.0.so.0.5600.4
ffff57f4c000-ffff57f50000 r--p 0001c000 b3:02 10849                      /usr/lib/libpangoft2-1.0.so.0.5600.4
ffff57f50000-ffff57f54000 rw-p 00020000 b3:02 10849                      /usr/lib/libpangoft2-1.0.so.0.5600.4
ffff57f60000-ffff57fdc000 r-xp 00000000 b3:02 8997                       /usr/lib/libmount.so.1.1.0
ffff57fdc000-ffff57fec000 ---p 0007c000 b3:02 8997                       /usr/lib/libmount.so.1.1.0
ffff57fec000-ffff57ff0000 r--p 0007c000 b3:02 8997                       /usr/lib/libmount.so.1.1.0
ffff57ff0000-ffff57ff4000 rw-p 00080000 b3:02 8997                       /usr/lib/libmount.so.1.1.0
ffff58000000-ffff595f0000 rw-p 00000000 00:00 0 
ffff595f0000-ffff5c000000 ---p 00000000 00:00 0 
ffff5c010000-ffff5c034000 r-xp 00000000 b3:02 8203                       /usr/lib/libexpat.so.1.10.2
ffff5c034000-ffff5c04c000 ---p 00024000 b3:02 8203                       /usr/lib/libexpat.so.1.10.2
ffff5c04c000-ffff5c050000 r--p 0002c000 b3:02 8203                       /usr/lib/libexpat.so.1.10.2
ffff5c050000-ffff5c054000 rw-p 00030000 b3:02 8203                       /usr/lib/libexpat.so.1.10.2
ffff5c060000-ffff5c1b0000 r-xp 00000000 b3:02 10684                      /usr/lib/libharfbuzz.so.0.61141.0
ffff5c1b0000-ffff5c1bc000 ---p 00150000 b3:02 10684                      /usr/lib/libharfbuzz.so.0.61141.0
ffff5c1bc000-ffff5c1c0000 r--p 0014c000 b3:02 10684                      /usr/lib/libharfbuzz.so.0.61141.0
ffff5c1c0000-ffff5c1c4000 rw-p 00150000 b3:02 10684                      /usr/lib/libharfbuzz.so.0.61141.0
ffff5c1d0000-ffff5c1dc000 r-xp 00000000 b3:02 10837                      /usr/lib/libthai.so.0.3.1
ffff5c1dc000-ffff5c1e8000 ---p 0000c000 b3:02 10837                      /usr/lib/libthai.so.0.3.1
ffff5c1e8000-ffff5c1ec000 rw-p 00008000 b3:02 10837                      /usr/lib/libthai.so.0.3.1
ffff5c1f0000-ffff5c258000 r-xp 00000000 b3:02 10786                      /usr/lib/libpixman-1.so.0.46.4
ffff5c258000-ffff5c268000 ---p 00068000 b3:02 10786                      /usr/lib/libpixman-1.so.0.46.4
ffff5c268000-ffff5c270000 r--p 00068000 b3:02 10786                      /usr/lib/libpixman-1.so.0.46.4
ffff5c270000-ffff5c274000 rw-p 00070000 b3:02 10786                      /usr/lib/libpixman-1.so.0.46.4
ffff5c280000-ffff5c284000 r-xp 00000000 b3:02 10741                      /usr/lib/libxcb-shm.so.0.0.0
ffff5c284000-ffff5c290000 ---p 00004000 b3:02 10741                      /usr/lib/libxcb-shm.so.0.0.0
ffff5c290000-ffff5c294000 rw-p 00000000 b3:02 10741                      /usr/lib/libxcb-shm.so.0.0.0
ffff5c2a0000-ffff5c2ac000 r-xp 00000000 b3:02 10729                      /usr/lib/libxcb-render.so.0.0.0
ffff5c2ac000-ffff5c2bc000 ---p 0000c000 b3:02 10729                      /usr/lib/libxcb-render.so.0.0.0
ffff5c2bc000-ffff5c2c0000 rw-p 0000c000 b3:02 10729                      /usr/lib/libxcb-render.so.0.0.0
ffff5c2d0000-ffff5c2fc000 r-xp 00000000 b3:02 10771                      /usr/lib/libxcb.so.1.1.0
ffff5c2fc000-ffff5c308000 ---p 0002c000 b3:02 10771                      /usr/lib/libxcb.so.1.1.0
ffff5c308000-ffff5c30c000 rw-p 00028000 b3:02 10771                      /usr/lib/libxcb.so.1.1.0
ffff5c310000-ffff5c31c000 r-xp 00000000 b3:02 10783                      /usr/lib/libXrender.so.1.3.0
ffff5c31c000-ffff5c32c000 ---p 0000c000 b3:02 10783                      /usr/lib/libXrender.so.1.3.0
ffff5c32c000-ffff5c330000 r--p 0000c000 b3:02 10783                      /usr/lib/libXrender.so.1.3.0
ffff5c330000-ffff5c334000 rw-p 00010000 b3:02 10783                      /usr/lib/libXrender.so.1.3.0
ffff5c340000-ffff5c400000 r-xp 00000000 b3:02 10687                      /usr/lib/libfreetype.so.6.20.2
ffff5c400000-ffff5c408000 ---p 000c0000 b3:02 10687                      /usr/lib/libfreetype.so.6.20.2
ffff5c408000-ffff5c410000 r--p 000c8000 b3:02 10687                      /usr/lib/libfreetype.so.6.20.2
ffff5c410000-ffff5c414000 rw-p 000d0000 b3:02 10687                      /usr/lib/libfreetype.so.6.20.2
ffff5c420000-ffff5c438000 r-xp 00000000 b3:02 8246                       /usr/lib/libz.so.1.3.1
ffff5c438000-ffff5c444000 ---p 00018000 b3:02 8246                       /usr/lib/libz.so.1.3.1
ffff5c444000-ffff5c448000 rw-p 00014000 b3:02 8246                       /usr/lib/libz.so.1.3.1
ffff5c450000-ffff5c470000 r-xp 00000000 b3:02 9020                       /usr/lib/libgcc_s.so.1
ffff5c470000-ffff5c47c000 ---p 00020000 b3:02 9020                       /usr/lib/libgcc_s.so.1
ffff5c47c000-ffff5c480000 r--p 0001c000 b3:02 9020                       /usr/lib/libgcc_s.so.1
ffff5c480000-ffff5c484000 rw-p 00020000 b3:02 9020                       /usr/lib/libgcc_s.so.1
ffff5c490000-ffff5c528000 r-xp 00000000 b3:02 9014                       /usr/lib/libpcre2-8.so.0.14.0
ffff5c528000-ffff5c53c000 ---p 00098000 b3:02 9014                       /usr/lib/libpcre2-8.so.0.14.0
ffff5c53c000-ffff5c540000 r--p 0009c000 b3:02 9014                       /usr/lib/libpcre2-8.so.0.14.0
ffff5c540000-ffff5c544000 rw-p 000a0000 b3:02 9014                       /usr/lib/libpcre2-8.so.0.14.0
ffff5c550000-ffff5c55c000 r-xp 00000000 b3:02 8210                       /usr/lib/libffi.so.8.2.0
ffff5c55c000-ffff5c56c000 ---p 0000c000 b3:02 8210                       /usr/lib/libffi.so.8.2.0
ffff5c56c000-ffff5c570000 r--p 0000c000 b3:02 8210                       /usr/lib/libffi.so.8.2.0
ffff5c570000-ffff5c574000 rw-p 00010000 b3:02 8210                       /usr/lib/libffi.so.8.2.0
ffff5c580000-ffff5c60c000 r-xp 00000000 b3:02 10256                      /usr/lib/libtiff.so.6.1.0
ffff5c60c000-ffff5c618000 ---p 0008c000 b3:02 10256                      /usr/lib/libtiff.so.6.1.0
ffff5c618000-ffff5c620000 r--p 00088000 b3:02 10256                      /usr/lib/libtiff.so.6.1.0
ffff5c620000-ffff5c624000 rw-p 00090000 b3:02 10256                      /usr/lib/libtiff.so.6.1.0
ffff5c630000-ffff5c6b4000 r-xp 00000000 b3:02 10242                      /usr/lib/libjpeg.so.8.3.2
ffff5c6b4000-ffff5c6cc000 ---p 00084000 b3:02 10242                      /usr/lib/libjpeg.so.8.3.2
ffff5c6cc000-ffff5c6d0000 r--p 0008c000 b3:02 10242                      /usr/lib/libjpeg.so.8.3.2
ffff5c6d0000-ffff5c6d4000 rw-p 00090000 b3:02 10242                      /usr/lib/libjpeg.so.8.3.2
ffff5c6e0000-ffff5c718000 r-xp 00000000 b3:02 10249                      /usr/lib/libpng16.so.16.50.0
ffff5c718000-ffff5c72c000 ---p 00038000 b3:02 10249                      /usr/lib/libpng16.so.16.50.0
ffff5c72c000-ffff5c730000 r--p 0003c000 b3:02 10249                      /usr/lib/libpng16.so.16.50.0
ffff5c730000-ffff5c734000 rw-p 00040000 b3:02 10249                      /usr/lib/libpng16.so.16.50.0
ffff5c740000-ffff5c744000 r-xp 00000000 b3:02 8944                       /usr/lib/libgmodule-2.0.so.0.8400.4
ffff5c744000-ffff5c75c000 ---p 00004000 b3:02 8944                       /usr/lib/libgmodule-2.0.so.0.8400.4
ffff5c75c000-ffff5c760000 r--p 0000c000 b3:02 8944                       /usr/lib/libgmodule-2.0.so.0.8400.4
ffff5c760000-ffff5c764000 rw-p 00010000 b3:02 8944                       /usr/lib/libgmodule-2.0.so.0.8400.4
ffff5c770000-ffff5c774000 r-xp 00000000 b3:02 99364                      /usr/lib/libXinerama.so.1.0.0
ffff5c774000-ffff5c78c000 ---p 00004000 b3:02 99364                      /usr/lib/libXinerama.so.1.0.0
ffff5c78c000-ffff5c790000 r--p 0000c000 b3:02 99364                      /usr/lib/libXinerama.so.1.0.0
ffff5c790000-ffff5c794000 rw-p 00010000 b3:02 99364                      /usr/lib/libXinerama.so.1.0.0
ffff5c7a0000-ffff5c7ac000 r-xp 00000000 b3:02 95989                      /usr/lib/libXrandr.so.2.2.0
ffff5c7ac000-ffff5c7b8000 ---p 0000c000 b3:02 95989                      /usr/lib/libXrandr.so.2.2.0
ffff5c7b8000-ffff5c7bc000 r--p 00008000 b3:02 95989                      /usr/lib/libXrandr.so.2.2.0
ffff5c7bc000-ffff5c7c0000 rw-p 0000c000 b3:02 95989                      /usr/lib/libXrandr.so.2.2.0
ffff5c7d0000-ffff5c7d4000 r-xp 00000000 b3:02 95872                      /usr/lib/libXcomposite.so.1.0.0
ffff5c7d4000-ffff5c7ec000 ---p 00004000 b3:02 95872                      /usr/lib/libXcomposite.so.1.0.0
ffff5c7ec000-ffff5c7f0000 r--p 0000c000 b3:02 95872                      /usr/lib/libXcomposite.so.1.0.0
ffff5c7f0000-ffff5c7f4000 rw-p 00010000 b3:02 95872                      /usr/lib/libXcomposite.so.1.0.0
ffff5c800000-ffff5c808000 r-xp 00000000 b3:02 95866                      /usr/lib/libXfixes.so.3.1.0
ffff5c808000-ffff5c81c000 ---p 00008000 b3:02 95866                      /usr/lib/libXfixes.so.3.1.0
ffff5c81c000-ffff5c820000 r--p 0000c000 b3:02 95866                      /usr/lib/libXfixes.so.3.1.0
ffff5c820000-ffff5c824000 rw-p 00010000 b3:02 95866                      /usr/lib/libXfixes.so.3.1.0
ffff5c830000-ffff5c834000 r-xp 00000000 b3:02 99358                      /usr/lib/libXdamage.so.1.1.0
ffff5c834000-ffff5c84c000 ---p 00004000 b3:02 99358                      /usr/lib/libXdamage.so.1.1.0
ffff5c84c000-ffff5c850000 r--p 0000c000 b3:02 99358                      /usr/lib/libXdamage.so.1.1.0
ffff5c850000-ffff5c854000 rw-p 00010000 b3:02 99358                      /usr/lib/libXdamage.so.1.1.0
ffff5c860000-ffff5c86c000 r-xp 00000000 b3:02 95888                      /usr/lib/libXcursor.so.1.0.2
ffff5c86c000-ffff5c87c000 ---p 0000c000 b3:02 95888                      /usr/lib/libXcursor.so.1.0.2
ffff5c87c000-ffff5c880000 r--p 0000c000 b3:02 95888                      /usr/lib/libXcursor.so.1.0.2
ffff5c880000-ffff5c884000 rw-p 00010000 b3:02 95888                      /usr/lib/libXcursor.so.1.0.2
ffff5c890000-ffff5c8a4000 r-xp 00000000 b3:02 10780                      /usr/lib/libXext.so.6.4.0
ffff5c8a4000-ffff5c8b0000 ---p 00014000 b3:02 10780                      /usr/lib/libXext.so.6.4.0
ffff5c8b0000-ffff5c8b4000 rw-p 00010000 b3:02 10780                      /usr/lib/libXext.so.6.4.0
ffff5c8c0000-ffff5c8d4000 r-xp 00000000 b3:02 97222                      /usr/lib/libXi.so.6.1.0
ffff5c8d4000-ffff5c8ec000 ---p 00014000 b3:02 97222                      /usr/lib/libXi.so.6.1.0
ffff5c8ec000-ffff5c8f0000 r--p 0001c000 b3:02 97222                      /usr/lib/libXi.so.6.1.0
ffff5c8f0000-ffff5c8f4000 rw-p 00020000 b3:02 97222                      /usr/lib/libXi.so.6.1.0
ffff5c900000-ffff5ca48000 r-xp 00000000 b3:02 10777                      /usr/lib/libX11.so.6.4.0
ffff5ca48000-ffff5ca5c000 ---p 00148000 b3:02 10777                      /usr/lib/libX11.so.6.4.0
ffff5ca5c000-ffff5ca60000 r--p 0014c000 b3:02 10777                      /usr/lib/libX11.so.6.4.0
ffff5ca60000-ffff5ca64000 rw-p 00150000 b3:02 10777                      /usr/lib/libX11.so.6.4.0
ffff5ca70000-ffff5ca74000 r-xp 00000000 b3:02 405                        /usr/lib/libwayland-egl.so.1.24.0
ffff5ca74000-ffff5ca8c000 ---p 00004000 b3:02 405                        /usr/lib/libwayland-egl.so.1.24.0
ffff5ca8c000-ffff5ca90000 r--p 0000c000 b3:02 405                        /usr/lib/libwayland-egl.so.1.24.0
ffff5ca90000-ffff5ca94000 rw-p 00010000 b3:02 405                        /usr/lib/libwayland-egl.so.1.24.0
ffff5caa0000-ffff5caa4000 r-xp 00000000 b3:02 402                        /usr/lib/libwayland-cursor.so.0.24.0
ffff5caa4000-ffff5cabc000 ---p 00004000 b3:02 402                        /usr/lib/libwayland-cursor.so.0.24.0
ffff5cabc000-ffff5cac0000 r--p 0000c000 b3:02 402                        /usr/lib/libwayland-cursor.so.0.24.0
ffff5cac0000-ffff5cac4000 rw-p 00010000 b3:02 402                        /usr/lib/libwayland-cursor.so.0.24.0
ffff5cad0000-ffff5cae0000 r-xp 00000000 b3:02 399                        /usr/lib/libwayland-client.so.0.24.0
ffff5cae0000-ffff5caec000 ---p 00010000 b3:02 399                        /usr/lib/libwayland-client.so.0.24.0
ffff5caec000-ffff5caf0000 r--p 0001c000 b3:02 399                        /usr/lib/libwayland-client.so.0.24.0
ffff5caf0000-ffff5caf4000 rw-p 00020000 b3:02 399                        /usr/lib/libwayland-client.so.0.24.0
ffff5cb00000-ffff5cb5c000 r-xp 00000000 b3:02 10825                      /usr/lib/libxkbcommon.so.0.11.0
ffff5cb5c000-ffff5cb6c000 ---p 0005c000 b3:02 10825                      /usr/lib/libxkbcommon.so.0.11.0
ffff5cb6c000-ffff5cb70000 r--p 0005c000 b3:02 10825                      /usr/lib/libxkbcommon.so.0.11.0
ffff5cb70000-ffff5cb74000 rw-p 00060000 b3:02 10825                      /usr/lib/libxkbcommon.so.0.11.0
ffff5cb80000-ffff5cb90000 r-xp 00000000 b3:02 10846                      /usr/lib/libpangocairo-1.0.so.0.5600.4
ffff5cb90000-ffff5cb9c000 ---p 00010000 b3:02 10846                      /usr/lib/libpangocairo-1.0.so.0.5600.4
ffff5cb9c000-ffff5cba0000 r--p 0000c000 b3:02 10846                      /usr/lib/libpangocairo-1.0.so.0.5600.4
ffff5cba0000-ffff5cba4000 rw-p 00010000 b3:02 10846                      /usr/lib/libpangocairo-1.0.so.0.5600.4
ffff5cbb0000-ffff5cdf0000 r-xp 00000000 b3:02 8324                       /usr/lib/libgio-2.0.so.0.8400.4
ffff5cdf0000-ffff5cdf4000 ---p 00240000 b3:02 8324                       /usr/lib/libgio-2.0.so.0.8400.4
ffff5cdf4000-ffff5ce00000 r--p 00244000 b3:02 8324                       /usr/lib/libgio-2.0.so.0.8400.4
ffff5ce00000-ffff5ce04000 rw-p 00250000 b3:02 8324                       /usr/lib/libgio-2.0.so.0.8400.4
ffff5ce10000-ffff5ce60000 r-xp 00000000 b3:02 10690                      /usr/lib/libfontconfig.so.1.16.0
ffff5ce60000-ffff5ce6c000 ---p 00050000 b3:02 10690                      /usr/lib/libfontconfig.so.1.16.0
ffff5ce6c000-ffff5ce70000 r--p 0004c000 b3:02 10690                      /usr/lib/libfontconfig.so.1.16.0
ffff5ce70000-ffff5ce74000 rw-p 00050000 b3:02 10690                      /usr/lib/libfontconfig.so.1.16.0
ffff5ce80000-ffff5cfbc000 r-xp 00000000 b3:02 95961                      /usr/lib/libepoxy.so.0.0.0
ffff5cfbc000-ffff5cfc8000 ---p 0013c000 b3:02 95961                      /usr/lib/libepoxy.so.0.0.0
ffff5cfc8000-ffff5cfd0000 r--p 00148000 b3:02 95961                      /usr/lib/libepoxy.so.0.0.0
ffff5cfd0000-ffff5cfd8000 rw-p 00150000 b3:02 95961                      /usr/lib/libepoxy.so.0.0.0
ffff5cfe0000-ffff5cfe8000 r-xp 00000000 b3:02 10789                      /usr/lib/libcairo-gobject.so.2.11804.4
ffff5cfe8000-ffff5cffc000 ---p 00008000 b3:02 10789                      /usr/lib/libcairo-gobject.so.2.11804.4
ffff5cffc000-ffff5d000000 r--p 0000c000 b3:02 10789                      /usr/lib/libcairo-gobject.so.2.11804.4
ffff5d000000-ffff5d004000 rw-p 00010000 b3:02 10789                      /usr/lib/libcairo-gobject.so.2.11804.4
ffff5d010000-ffff5d030000 r-xp 00000000 b3:02 10831                      /usr/lib/libfribidi.so.0.4.0
ffff5d030000-ffff5d03c000 ---p 00020000 b3:02 10831                      /usr/lib/libfribidi.so.0.4.0
ffff5d03c000-ffff5d040000 r--p 0001c000 b3:02 10831                      /usr/lib/libfribidi.so.0.4.0
ffff5d040000-ffff5d044000 rw-p 00020000 b3:02 10831                      /usr/lib/libfribidi.so.0.4.0
ffff5d050000-ffff5d0c4000 r-xp 00000000 b3:02 10843                      /usr/lib/libpango-1.0.so.0.5600.4
ffff5d0c4000-ffff5d0dc000 ---p 00074000 b3:02 10843                      /usr/lib/libpango-1.0.so.0.5600.4
ffff5d0dc000-ffff5d0e0000 r--p 0007c000 b3:02 10843                      /usr/lib/libpango-1.0.so.0.5600.4
ffff5d0e0000-ffff5d0e4000 rw-p 00080000 b3:02 10843                      /usr/lib/libpango-1.0.so.0.5600.4
ffff5d0f0000-ffff5d22c000 r-xp 00000000 b3:02 10795                      /usr/lib/libcairo.so.2.11804.4
ffff5d22c000-ffff5d23c000 ---p 0013c000 b3:02 10795                      /usr/lib/libcairo.so.2.11804.4
ffff5d23c000-ffff5d240000 r--p 0013c000 b3:02 10795                      /usr/lib/libcairo.so.2.11804.4
ffff5d240000-ffff5d244000 rw-p 00140000 b3:02 10795                      /usr/lib/libcairo.so.2.11804.4
ffff5d250000-ffff5d3cc000 r-xp 00000000 b3:02 8902                       /usr/lib/libglib-2.0.so.0.8400.4
ffff5d3cc000-ffff5d3dc000 ---p 0017c000 b3:02 8902                       /usr/lib/libglib-2.0.so.0.8400.4
ffff5d3dc000-ffff5d3e0000 r--p 0017c000 b3:02 8902                       /usr/lib/libglib-2.0.so.0.8400.4
ffff5d3e0000-ffff5d3e4000 rw-p 00180000 b3:02 8902                       /usr/lib/libglib-2.0.so.0.8400.4
ffff5d3f0000-ffff5d45c000 r-xp 00000000 b3:02 8966                       /usr/lib/libgobject-2.0.so.0.8400.4
ffff5d45c000-ffff5d46c000 ---p 0006c000 b3:02 8966                       /usr/lib/libgobject-2.0.so.0.8400.4
ffff5d46c000-ffff5d470000 r--p 0006c000 b3:02 8966                       /usr/lib/libgobject-2.0.so.0.8400.4
ffff5d470000-ffff5d474000 rw-p 00070000 b3:02 8966                       /usr/lib/libgobject-2.0.so.0.8400.4
ffff5d480000-ffff5d4c8000 r-xp 00000000 b3:02 10262                      /usr/lib/libgdk_pixbuf-2.0.so.0.4200.12
ffff5d4c8000-ffff5d4dc000 ---p 00048000 b3:02 10262                      /usr/lib/libgdk_pixbuf-2.0.so.0.4200.12
ffff5d4dc000-ffff5d4e0000 r--p 0004c000 b3:02 10262                      /usr/lib/libgdk_pixbuf-2.0.so.0.4200.12
ffff5d4e0000-ffff5d4e4000 rw-p 00050000 b3:02 10262                      /usr/lib/libgdk_pixbuf-2.0.so.0.4200.12
ffff5d4f0000-ffff5d600000 r-xp 00000000 b3:02 99647                      /usr/lib/libgdk-3.so.0.2418.32
ffff5d600000-ffff5d604000 ---p 00110000 b3:02 99647                      /usr/lib/libgdk-3.so.0.2418.32
ffff5d604000-ffff5d610000 r--p 00114000 b3:02 99647                      /usr/lib/libgdk-3.so.0.2418.32
ffff5d610000-ffff5d614000 rw-p 00120000 b3:02 99647                      /usr/lib/libgdk-3.so.0.2418.32
ffff5d630000-ffff5d644000 r-xp 00000000 b3:02 521826                     /opt/dbeaver/plugins/org.eclipse.equinox.launcher.gtk.linux.aarch64_1.2.1500.v20250801-0854/eclipse_11916.so
ffff5d644000-ffff5d65c000 ---p 00014000 b3:02 521826                     /opt/dbeaver/plugins/org.eclipse.equinox.launcher.gtk.linux.aarch64_1.2.1500.v20250801-0854/eclipse_11916.so
ffff5d65c000-ffff5d660000 r--p 0001c000 b3:02 521826                     /opt/dbeaver/plugins/org.eclipse.equinox.launcher.gtk.linux.aarch64_1.2.1500.v20250801-0854/eclipse_11916.so
ffff5d660000-ffff5d664000 rw-p 00020000 b3:02 521826                     /opt/dbeaver/plugins/org.eclipse.equinox.launcher.gtk.linux.aarch64_1.2.1500.v20250801-0854/eclipse_11916.so
ffff5d670000-ffff5d68c000 r-xp 00000000 b3:02 521566                     /opt/dbeaver/jre/lib/libzip.so
ffff5d68c000-ffff5d69c000 ---p 0001c000 b3:02 521566                     /opt/dbeaver/jre/lib/libzip.so
ffff5d69c000-ffff5d6a0000 r--p 0001c000 b3:02 521566                     /opt/dbeaver/jre/lib/libzip.so
ffff5d6a0000-ffff5d6a4000 rw-p 00020000 b3:02 521566                     /opt/dbeaver/jre/lib/libzip.so
ffff5d6b0000-ffff5d6bc000 r-xp 00000000 b3:02 521559                     /opt/dbeaver/jre/lib/libnet.so
ffff5d6bc000-ffff5d6cc000 ---p 0000c000 b3:02 521559                     /opt/dbeaver/jre/lib/libnet.so
ffff5d6cc000-ffff5d6d0000 r--p 0000c000 b3:02 521559                     /opt/dbeaver/jre/lib/libnet.so
ffff5d6d0000-ffff5d6d4000 rw-p 00010000 b3:02 521559                     /opt/dbeaver/jre/lib/libnet.so
ffff5d6e0000-ffff5d6f4000 r-xp 00000000 b3:02 521560                     /opt/dbeaver/jre/lib/libnio.so
ffff5d6f4000-ffff5d70c000 ---p 00014000 b3:02 521560                     /opt/dbeaver/jre/lib/libnio.so
ffff5d70c000-ffff5d710000 r--p 0001c000 b3:02 521560                     /opt/dbeaver/jre/lib/libnio.so
ffff5d710000-ffff5d714000 rw-p 00020000 b3:02 521560                     /opt/dbeaver/jre/lib/libnio.so
ffff5d724000-ffff5d734000 ---p 00000000 00:00 0 
ffff5d734000-ffff5d740000 ---p 00000000 00:00 0 
ffff5d740000-ffff5d934000 rw-p 00000000 00:00 0 
ffff5d934000-ffff5d944000 ---p 00000000 00:00 0 
ffff5d944000-ffff5d950000 ---p 00000000 00:00 0 
ffff5d950000-ffff5db44000 rw-p 00000000 00:00 0 
ffff5db44000-ffff5db54000 ---p 00000000 00:00 0 
ffff5db54000-ffff5db60000 ---p 00000000 00:00 0 
ffff5db60000-ffff5dd54000 rw-p 00000000 00:00 0 
ffff5dd54000-ffff5dd64000 ---p 00000000 00:00 0 
ffff5dd64000-ffff5dd70000 ---p 00000000 00:00 0 
ffff5dd70000-ffff5df64000 rw-p 00000000 00:00 0 
ffff5df64000-ffff5df74000 ---p 00000000 00:00 0 
ffff5df74000-ffff5df80000 ---p 00000000 00:00 0 
ffff5df80000-ffff5e174000 rw-p 00000000 00:00 0 
ffff5e174000-ffff5e184000 ---p 00000000 00:00 0 
ffff5e184000-ffff5e190000 ---p 00000000 00:00 0 
ffff5e190000-ffff5e384000 rw-p 00000000 00:00 0 
ffff5e384000-ffff5e394000 ---p 00000000 00:00 0 
ffff5e394000-ffff5e3a0000 ---p 00000000 00:00 0 
ffff5e3a0000-ffff5e594000 rw-p 00000000 00:00 0 
ffff5e594000-ffff5e5a4000 ---p 00000000 00:00 0 
ffff5e5a4000-ffff5e5b0000 ---p 00000000 00:00 0 
ffff5e5b0000-ffff5e7a4000 rw-p 00000000 00:00 0 
ffff5e7a4000-ffff5e7b4000 ---p 00000000 00:00 0 
ffff5e7b4000-ffff5e7c0000 ---p 00000000 00:00 0 
ffff5e7c0000-ffff5e9b4000 rw-p 00000000 00:00 0 
ffff5e9b4000-ffff5eca0000 r--p 00000000 b3:02 61                         /usr/lib/locale/locale-archive
ffff5eca0000-ffff5ecb0000 ---p 00000000 00:00 0 
ffff5ecb0000-ffff5eeb0000 rw-p 00000000 00:00 0 
ffff5eeb0000-ffff5eec0000 ---p 00000000 00:00 0 
ffff5eec0000-ffff5f0c0000 rw-p 00000000 00:00 0 
ffff5f0c0000-ffff5f1e4000 rw-p 00000000 00:00 0 
ffff5f1e4000-ffff5f1f4000 ---p 00000000 00:00 0 
ffff5f1f4000-ffff5f3f4000 rw-p 00000000 00:00 0 
ffff5f3f4000-ffff5f404000 ---p 00000000 00:00 0 
ffff5f404000-ffff5f604000 rw-p 00000000 00:00 0 
ffff5f604000-ffff5fa14000 rw-p 00000000 00:00 0 
ffff5fa14000-ffff5fa24000 ---p 00000000 00:00 0 
ffff5fa24000-ffff5fc24000 rw-p 00000000 00:00 0 
ffff5fc24000-ffff5fc34000 ---p 00000000 00:00 0 
ffff5fc34000-ffff5fe34000 rw-p 00000000 00:00 0 
ffff5fe34000-ffff5fe44000 ---p 00000000 00:00 0 
ffff5fe44000-ffff60044000 rw-p 00000000 00:00 0 
ffff60044000-ffff60178000 rw-p 00000000 00:00 0 
ffff60178000-ffff6019c000 ---p 00000000 00:00 0 
ffff6019c000-ffff601a4000 rw-p 00000000 00:00 0 
ffff601a4000-ffff61068000 ---p 00000000 00:00 0 
ffff61068000-ffff61090000 rw-p 00000000 00:00 0 
ffff61090000-ffff61268000 ---p 00000000 00:00 0 
ffff61268000-ffff61290000 rw-p 00000000 00:00 0 
ffff61290000-ffff61468000 ---p 00000000 00:00 0 
ffff61468000-ffff61880000 rw-p 00000000 00:00 0 
ffff61880000-ffff61964000 ---p 00000000 00:00 0 
ffff61964000-ffff6197c000 rw-p 00000000 00:00 0 
ffff6197c000-ffff61a50000 ---p 00000000 00:00 0 
ffff61a50000-ffff61a74000 r-xp 00000000 b3:02 521548                     /opt/dbeaver/jre/lib/libjava.so
ffff61a74000-ffff61a8c000 ---p 00024000 b3:02 521548                     /opt/dbeaver/jre/lib/libjava.so
ffff61a8c000-ffff61a90000 r--p 0002c000 b3:02 521548                     /opt/dbeaver/jre/lib/libjava.so
ffff61a90000-ffff61a94000 rw-p 00030000 b3:02 521548                     /opt/dbeaver/jre/lib/libjava.so
ffff61aa0000-ffff61abc000 r-xp 00000000 b3:02 521551                     /opt/dbeaver/jre/lib/libjimage.so
ffff61abc000-ffff61acc000 ---p 0001c000 b3:02 521551                     /opt/dbeaver/jre/lib/libjimage.so
ffff61acc000-ffff61ad0000 r--p 0001c000 b3:02 521551                     /opt/dbeaver/jre/lib/libjimage.so
ffff61ad0000-ffff61ad4000 rw-p 00020000 b3:02 521551                     /opt/dbeaver/jre/lib/libjimage.so
ffff61ad4000-ffff61adc000 r--s 00000000 b3:02 9215                       /usr/lib/gconv/gconv-modules.cache
ffff61adc000-ffff61ae0000 r--s 00000000 b3:02 300443                     /home/crossfire/.local/share/mime/mime.cache
ffff61ae0000-ffff61aec000 ---p 00000000 00:00 0 
ffff61aec000-ffff61ce0000 rw-p 00000000 00:00 0 
ffff61ce0000-ffff61d78000 r-xp 00000000 b3:02 10548                      /usr/lib/libm.so.6
ffff61d78000-ffff61d8c000 ---p 00098000 b3:02 10548                      /usr/lib/libm.so.6
ffff61d8c000-ffff61d90000 r--p 0009c000 b3:02 10548                      /usr/lib/libm.so.6
ffff61d90000-ffff61d94000 rw-p 000a0000 b3:02 10548                      /usr/lib/libm.so.6
ffff61d94000-ffff61da0000 r--s 00000000 b3:02 133982                     /var/cache/fontconfig/4b31aef11cb0687b6d280d34cbe23592-le64.cache-9
ffff61da0000-ffff61da4000 r-xp 00000000 b3:02 10635                      /usr/lib/librt.so.1
ffff61da4000-ffff61dbc000 ---p 00004000 b3:02 10635                      /usr/lib/librt.so.1
ffff61dbc000-ffff61dc0000 r--p 0000c000 b3:02 10635                      /usr/lib/librt.so.1
ffff61dc0000-ffff61dc4000 rw-p 00010000 b3:02 10635                      /usr/lib/librt.so.1
ffff61dc4000-ffff61dd0000 r--p 00000000 b3:02 102629                     /usr/share/glib-2.0/schemas/gschemas.compiled
ffff61dd0000-ffff63054000 r-xp 00000000 b3:02 521535                     /opt/dbeaver/jre/lib/server/libjvm.so
ffff63054000-ffff63060000 ---p 01284000 b3:02 521535                     /opt/dbeaver/jre/lib/server/libjvm.so
ffff63060000-ffff63140000 r--p 01280000 b3:02 521535                     /opt/dbeaver/jre/lib/server/libjvm.so
ffff63140000-ffff63174000 rw-p 01360000 b3:02 521535                     /opt/dbeaver/jre/lib/server/libjvm.so
ffff63174000-ffff631f8000 rw-p 00000000 00:00 0 
ffff631f8000-ffff631fc000 r--s 00000000 b3:02 131373                     /var/cache/fontconfig/6ba42ae0000f58711b5caaf10d690066-le64.cache-9
ffff631fc000-ffff63200000 r--s 00000000 b3:02 133944                     /var/cache/fontconfig/f6b893a7224233d96cb72fd88691c0b4-le64.cache-9
ffff63200000-ffff63390000 r-xp 00000000 b3:02 9547                       /usr/lib/libc.so.6
ffff63390000-ffff6339c000 ---p 00190000 b3:02 9547                       /usr/lib/libc.so.6
ffff6339c000-ffff633a0000 r--p 0019c000 b3:02 9547                       /usr/lib/libc.so.6
ffff633a0000-ffff633a4000 rw-p 001a0000 b3:02 9547                       /usr/lib/libc.so.6
ffff633a4000-ffff633ac000 rw-p 00000000 00:00 0 
ffff633ac000-ffff633b0000 r--p 00000000 b3:02 313945                     /home/crossfire/.config/dconf/user
ffff633b0000-ffff633b4000 r-xp 00000000 b3:02 9588                       /usr/lib/libdl.so.2
ffff633b4000-ffff633cc000 ---p 00004000 b3:02 9588                       /usr/lib/libdl.so.2
ffff633cc000-ffff633d0000 r--p 0000c000 b3:02 9588                       /usr/lib/libdl.so.2
ffff633d0000-ffff633d4000 rw-p 00010000 b3:02 9588                       /usr/lib/libdl.so.2
ffff633d4000-ffff633d8000 r--s 00000000 00:38 42                         /run/user/1000/dconf/user
ffff633d8000-ffff633dc000 rw-p 00000000 00:00 0 
ffff633dc000-ffff633e0000 rw-p 00000000 00:00 0 
ffff633e0000-ffff633e4000 r-xp 00000000 b3:02 10626                      /usr/lib/libpthread.so.0
ffff633e4000-ffff633fc000 ---p 00004000 b3:02 10626                      /usr/lib/libpthread.so.0
ffff633fc000-ffff63400000 r--p 0000c000 b3:02 10626                      /usr/lib/libpthread.so.0
ffff63400000-ffff63404000 rw-p 00010000 b3:02 10626                      /usr/lib/libpthread.so.0
ffff63404000-ffff63408000 r--p 00000000 b3:02 130491                     /usr/share/locale/en/LC_MESSAGES/gtk30-properties.mo
ffff63408000-ffff6340c000 r--p 00000000 b3:02 130492                     /usr/share/locale/en/LC_MESSAGES/gtk30.mo
ffff6340c000-ffff63414000 rw-p 00000000 00:00 0 
ffff63414000-ffff63418000 ---p 00000000 00:00 0 
ffff63418000-ffff63420000 rw-s 00000000 00:1c 5927                       /tmp/hsperfdata_crossfire/8388
ffff63420000-ffff63438000 r-xp 00000000 b3:02 521552                     /opt/dbeaver/jre/lib/libjli.so
ffff63438000-ffff6344c000 ---p 00018000 b3:02 521552                     /opt/dbeaver/jre/lib/libjli.so
ffff6344c000-ffff63450000 r--p 0001c000 b3:02 521552                     /opt/dbeaver/jre/lib/libjli.so
ffff63450000-ffff63454000 rw-p 00020000 b3:02 521552                     /opt/dbeaver/jre/lib/libjli.so
ffff63454000-ffff63458000 ---p 00000000 00:00 0 
ffff63458000-ffff6345c000 r--p 00000000 00:00 0 
ffff6345c000-ffff63460000 ---p 00000000 00:00 0 
ffff63460000-ffff63488000 r-xp 00000000 b3:02 9474                       /usr/lib/ld-linux-aarch64.so.1
ffff63488000-ffff63490000 rw-p 00000000 00:00 0 
ffff63490000-ffff63498000 r--p 00000000 00:00 0                          [vvar]
ffff63498000-ffff6349c000 r-xp 00000000 00:00 0                          [vdso]
ffff6349c000-ffff634a0000 r--p 0002c000 b3:02 9474                       /usr/lib/ld-linux-aarch64.so.1
ffff634a0000-ffff634a4000 rw-p 00030000 b3:02 9474                       /usr/lib/ld-linux-aarch64.so.1
ffffc3924000-ffffc3948000 rw-p 00000000 00:00 0                          [stack]
Total number of mappings: 655

JVMTI agents: none


VM Arguments:
jvm_args: -XX:+IgnoreUnrecognizedVMOptions -Dosgi.requiredJavaVersion=21 -Dfile.encoding=UTF-8 --add-modules=ALL-DEFAULT --add-opens=java.base/java.io=ALL-UNNAMED --add-opens=java.base/java.lang=ALL-UNNAMED --add-opens=java.base/java.lang.reflect=ALL-UNNAMED --add-opens=java.base/java.net=ALL-UNNAMED --add-opens=java.base/java.nio=ALL-UNNAMED --add-opens=java.base/java.nio.charset=ALL-UNNAMED --add-opens=java.base/java.text=ALL-UNNAMED --add-opens=java.base/java.time=ALL-UNNAMED --add-opens=java.base/java.util=ALL-UNNAMED --add-opens=java.base/java.util.concurrent=ALL-UNNAMED --add-opens=java.base/java.util.concurrent.atomic=ALL-UNNAMED --add-opens=java.base/jdk.internal.vm=ALL-UNNAMED --add-opens=java.base/jdk.internal.misc=ALL-UNNAMED --add-opens=java.base/sun.nio.ch=ALL-UNNAMED --add-opens=java.base/sun.nio.fs=ALL-UNNAMED --add-opens=java.base/sun.security.ssl=ALL-UNNAMED --add-opens=java.base/sun.security.action=ALL-UNNAMED --add-opens=java.base/sun.security.util=ALL-UNNAMED --add-opens=java.security.jgss/sun.security.jgss=ALL-UNNAMED --add-opens=java.security.jgss/sun.security.krb5=ALL-UNNAMED --add-opens=java.desktop/java.awt=ALL-UNNAMED --add-opens=java.desktop/java.awt.peer=ALL-UNNAMED --add-opens=java.sql/java.sql=ALL-UNNAMED -Xms64m -Xmx1024m 
java_command: /opt/dbeaver//plugins/org.eclipse.equinox.launcher_1.7.100.v20251111-0406.jar -os linux -ws gtk -arch aarch64 -showsplash -launcher /opt/dbeaver/dbeaver -name Dbeaver --launcher.library /opt/dbeaver//plugins/org.eclipse.equinox.launcher.gtk.linux.aarch64_1.2.1500.v20250801-0854/eclipse_11916.so -startup /opt/dbeaver//plugins/org.eclipse.equinox.launcher_1.7.100.v20251111-0406.jar --launcher.overrideVmargs -exitdata 2 -vm /opt/dbeaver/jre/bin/java -vmargs -XX:+IgnoreUnrecognizedVMOptions -Dosgi.requiredJavaVersion=21 -Dfile.encoding=UTF-8 --add-modules=ALL-DEFAULT --add-opens=java.base/java.io=ALL-UNNAMED --add-opens=java.base/java.lang=ALL-UNNAMED --add-opens=java.base/java.lang.reflect=ALL-UNNAMED --add-opens=java.base/java.net=ALL-UNNAMED --add-opens=java.base/java.nio=ALL-UNNAMED --add-opens=java.base/java.nio.charset=ALL-UNNAMED --add-opens=java.base/java.text=ALL-UNNAMED --add-opens=java.base/java.time=ALL-UNNAMED --add-opens=java.base/java.util=ALL-UNNAMED --add-opens=java.base/java.util.concurrent=ALL-UNNAMED --add-opens=java.base/java.util.concurrent.atomic=ALL-UNNAMED --add-opens=java.base/jdk.internal.vm=ALL-UNNAMED --add-opens=java.base/jdk.internal.misc=ALL-UNNAMED --add-opens=java.base/sun.nio.ch=ALL-UNNAMED --add-opens=java.base/sun.nio.fs=ALL-UNNAMED --add-opens=java.base/sun.security.ssl=ALL-UNNAMED --add-opens=java.base/sun.security.action=ALL-UNNAMED --add-opens=java.base/sun.security.util=ALL-UNNAMED --add-opens=java.security.jgss/sun.security.jgss=ALL-UNNAMED --add-opens=java.security.jgss/sun.security.krb5=ALL-UNNAMED --add-opens=java.desktop/java.awt=ALL-UNNAMED --add-opens=java.desktop/java.awt.peer=ALL-UNNAMED --add-opens=java.sql/java.sql=ALL-UNNAMED -Xms64m -Xmx1024m -jar /opt/dbeaver//plugins/org.eclipse.equinox.launcher_1.7.100.v20251111-0406.jar
java_class_path (initial): /opt/dbeaver//plugins/org.eclipse.equinox.launcher_1.7.100.v20251111-0406.jar
Launcher Type: SUN_STANDARD

[Global flags]
     intx CICompilerCount                          = 3                                         {product} {ergonomic}
     uint ConcGCThreads                            = 1                                         {product} {ergonomic}
     uint G1ConcRefinementThreads                  = 4                                         {product} {ergonomic}
   size_t G1HeapRegionSize                         = 1048576                                   {product} {ergonomic}
    uintx GCDrainStackTargetSize                   = 64                                        {product} {ergonomic}
     bool IgnoreUnrecognizedVMOptions              = true                                      {product} {command line}
   size_t InitialHeapSize                          = 67108864                                  {product} {command line}
   size_t MarkStackSize                            = 4194304                                   {product} {ergonomic}
   size_t MaxHeapSize                              = 1073741824                                {product} {command line}
   size_t MaxNewSize                               = 643825664                                 {product} {ergonomic}
   size_t MinHeapDeltaBytes                        = 1048576                                   {product} {ergonomic}
   size_t MinHeapSize                              = 67108864                                  {product} {command line}
    uintx NonNMethodCodeHeapSize                   = 5832908                                {pd product} {ergonomic}
    uintx NonProfiledCodeHeapSize                  = 122912666                              {pd product} {ergonomic}
    uintx ProfiledCodeHeapSize                     = 122912666                              {pd product} {ergonomic}
    uintx ReservedCodeCacheSize                    = 251658240                              {pd product} {ergonomic}
     bool SegmentedCodeCache                       = true                                      {product} {ergonomic}
   size_t SoftMaxHeapSize                          = 1073741824                             {manageable} {ergonomic}
     bool UseCompressedOops                        = true                           {product lp64_product} {ergonomic}
     bool UseG1GC                                  = true                                      {product} {ergonomic}

Logging:
Log output configuration:
 #0: stdout all=warning uptime,level,tags foldmultilines=false
 #1: stderr all=off uptime,level,tags foldmultilines=false

Release file:
JAVA_VERSION="21.0.10"
MODULES="java.base java.compiler java.datatransfer java.xml java.prefs java.desktop java.logging java.management java.security.sasl java.naming java.rmi java.management.rmi java.net.http java.scripting java.security.jgss java.transaction.xa java.sql java.sql.rowset jdk.accessibility jdk.internal.jvmstat jdk.attach jdk.charsets jdk.crypto.ec jdk.crypto.cryptoki jdk.httpserver jdk.jcmd jdk.localedata jdk.management jdk.naming.dns jdk.naming.rmi jdk.net jdk.security.auth jdk.security.jgss jdk.unsupported jdk.xml.dom"

Environment Variables:
PATH=/home/crossfire/.local/bin:/usr/local/sbin:/usr/local/bin:/usr/bin:/usr/lib/jvm/default/bin:/usr/bin/site_perl:/usr/bin/vendor_perl:/usr/bin/core_perl
SHELL=/bin/bash
DISPLAY=:0
WAYLAND_DISPLAY=wayland-1
LANG=en_IN
TERM=foot

Active Locale:
LC_ALL=en_IN
LC_COLLATE=en_IN
LC_CTYPE=en_IN
LC_MESSAGES=en_IN
LC_MONETARY=en_IN
LC_NUMERIC=en_IN
LC_TIME=en_IN

Signal Handlers:
   SIGSEGV: crash_handler in libjvm.so, mask=11100100010111111101111111111110, flags=SA_RESTART|SA_SIGINFO, unblocked
    SIGBUS: crash_handler in libjvm.so, mask=11100100010111111101111111111110, flags=SA_RESTART|SA_SIGINFO, unblocked
    SIGFPE: crash_handler in libjvm.so, mask=11100100010111111101111111111110, flags=SA_RESTART|SA_SIGINFO, unblocked
   SIGPIPE: SIG_IGN, mask=00000000000010000000000000000000, flags=SA_RESTART, blocked
  *** Handler was modified!
  *** Expected: javaSignalHandler in libjvm.so, mask=11100100110111111111111111111110, flags=SA_RESTART|SA_SIGINFO
   SIGXFSZ: javaSignalHandler in libjvm.so, mask=11100100010111111101111111111110, flags=SA_RESTART|SA_SIGINFO, blocked
    SIGILL: crash_handler in libjvm.so, mask=11100100010111111101111111111110, flags=SA_RESTART|SA_SIGINFO, unblocked
   SIGUSR2: SR_handler in libjvm.so, mask=00000000000000000000000000000000, flags=SA_RESTART|SA_SIGINFO, blocked
    SIGHUP: UserHandler in libjvm.so, mask=11100100010111111101111111111110, flags=SA_RESTART|SA_SIGINFO, blocked
    SIGINT: UserHandler in libjvm.so, mask=11100100010111111101111111111110, flags=SA_RESTART|SA_SIGINFO, blocked
   SIGTERM: UserHandler in libjvm.so, mask=11100100010111111101111111111110, flags=SA_RESTART|SA_SIGINFO, blocked
   SIGQUIT: UserHandler in libjvm.so, mask=11100100010111111101111111111110, flags=SA_RESTART|SA_SIGINFO, blocked
   SIGTRAP: crash_handler in libjvm.so, mask=11100100010111111101111111111110, flags=SA_RESTART|SA_SIGINFO, unblocked


Periodic native trim disabled

---------------  S Y S T E M  ---------------

OS:
DISTRIB_ID=Manjaro-ARM
DISTRIB_RELEASE=24.04
DISTRIB_CODENAME=
DISTRIB_DESCRIPTION="Manjaro ARM Linux"
uname: Linux 6.12.41-1-MANJARO-RPI5 #1 SMP PREEMPT Fri Aug  1 11:37:28 UTC 2025 aarch64
OS uptime: 0 days 1:38 hours
libc: glibc 2.41 NPTL 2.41 
rlimit (soft/hard): STACK 8192k/infinity , CORE infinity/infinity , NPROC 15848/15848 , NOFILE 524288/524288 , AS infinity/infinity , CPU infinity/infinity , DATA infinity/infinity , FSIZE infinity/infinity , MEMLOCK 8192k/8192k
load average: 2.10 1.65 1.75

/proc/meminfo:
MemTotal:        4133104 kB
MemFree:          502304 kB
MemAvailable:    1264384 kB
Buffers:           75120 kB
Cached:          1398864 kB
SwapCached:         2512 kB
Active:          1560176 kB
Inactive:        1302464 kB
Active(anon):    1089952 kB
Inactive(anon):   483840 kB
Active(file):     470224 kB
Inactive(file):   818624 kB
Unevictable:      317920 kB
Mlocked:           23376 kB
SwapTotal:       6199648 kB
SwapFree:        5776864 kB
Zswap:                 0 kB
Zswapped:              0 kB
Dirty:             62800 kB
Writeback:             0 kB
AnonPages:       1686048 kB
Mapped:           320208 kB
Shmem:            313728 kB
KReclaimable:      83200 kB
Slab:             161392 kB
SReclaimable:      83200 kB
SUnreclaim:        78192 kB
KernelStack:       10224 kB
PageTables:        41936 kB
SecPageTables:         0 kB
NFS_Unstable:          0 kB
Bounce:                0 kB
WritebackTmp:          0 kB
CommitLimit:     8266192 kB
Committed_AS:    4397872 kB
VmallocTotal:   136898928640 kB
VmallocUsed:       58928 kB
VmallocChunk:          0 kB
Percpu:             1536 kB
AnonHugePages:     65536 kB
ShmemHugePages:        0 kB
ShmemPmdMapped:        0 kB
FileHugePages:         0 kB
FilePmdMapped:         0 kB
CmaTotal:          65536 kB
CmaFree:             624 kB

/sys/kernel/mm/transparent_hugepage/enabled: [always] madvise never
/sys/kernel/mm/transparent_hugepage/hpage_pmd_size: 33554432
/sys/kernel/mm/transparent_hugepage/defrag (defrag/compaction efforts parameter): always defer defer+madvise [madvise] never

Process Memory:
Virtual Size: 4824624K (peak: 4824720K)
Resident Set Size: 259856K (peak: 259856K) (anon: 215904K, file: 43632K, shmem: 320K)
Swapped out: 0K
C-Heap outstanding allocations: 59086K, retained: 29281K
glibc malloc tunables: (default)

/proc/sys/kernel/threads-max (system-wide limit on the number of threads): 31696
/proc/sys/vm/max_map_count (maximum number of memory map areas a process may have): 1048576
/proc/sys/vm/swappiness (control to define how aggressively the kernel swaps out anonymous memory): 60
/proc/sys/kernel/pid_max (system-wide limit on number of process identifiers): 4194304

container information not found.
Steal ticks since vm start: 0
Steal ticks percentage since vm start:  0.000

CPU: total 4 (initial active 4) 0x41:0x4:0xd0b:1, fp, asimd, evtstrm, aes, pmull, sha1, sha256, crc32, lse, dcpop
/proc/cpuinfo:
processor	: 0
BogoMIPS	: 108.00
Features	: fp asimd evtstrm aes pmull sha1 sha2 crc32 atomics fphp asimdhp cpuid asimdrdm lrcpc dcpop asimddp
CPU implementer	: 0x41
CPU architecture: 8
CPU variant	: 0x4
CPU part	: 0xd0b
CPU revision	: 1

processor	: 1
BogoMIPS	: 108.00
Features	: fp asimd evtstrm aes pmull sha1 sha2 crc32 atomics fphp asimdhp cpuid asimdrdm lrcpc dcpop asimddp
CPU implementer	: 0x41
CPU architecture: 8
CPU variant	: 0x4
CPU part	: 0xd0b
CPU revision	: 1

processor	: 2
BogoMIPS	: 108.00
Features	: fp asimd evtstrm aes pmull sha1 sha2 crc32 atomics fphp asimdhp cpuid asimdrdm lrcpc dcpop asimddp
CPU implementer	: 0x41
CPU architecture: 8
CPU variant	: 0x4
CPU part	: 0xd0b
CPU revision	: 1

processor	: 3
BogoMIPS	: 108.00
Features	: fp asimd evtstrm aes pmull sha1 sha2 crc32 atomics fphp asimdhp cpuid asimdrdm lrcpc dcpop asimddp
CPU implementer	: 0x41
CPU architecture: 8
CPU variant	: 0x4
CPU part	: 0xd0b
CPU revision	: 1

Revision	: c04170
Serial		: 9ebfc61d575deecc
Model		: Raspberry Pi 5 Model B Rev 1.0

Online cpus: 0-3
Offline cpus: 

Memory: 16k page, physical 4133104k(1264384k free), swap 6199648k(5776864k free)
Page Sizes: 16k

vm_info: OpenJDK 64-Bit Server VM (21.0.10+7-LTS) for linux-aarch64 JRE (21.0.10+7-LTS), built on 2026-01-20T00:00:00Z by "admin" with gcc 11.3.0

END.
